2016,1000,114.2,5,125,4
2015,1000,126.444444444444,18,126.444444444444,18
2014,1000,123.833333333333,18,123.833333333333,18
2013,1000,107.947368421053,19,107.947368421053,19
2016,1001,122.454545454545,22,122.454545454545,22
2015,1001,105,13,105,13
2014,1001,65.5555555555556,9,74.1428571428571,7
2013,1001,74.1538461538462,13,82.0909090909091,11
2016,1004,76.8461538461538,13,76.8461538461538,13
2015,1004,66.0833333333333,12,74.1,10
2014,1004,66.3333333333333,15,70.1428571428571,14
2016,1005,67.1875,16,70.9333333333333,15
2015,1005,55.1176470588235,17,56.1875,16
2014,1005,49.5555555555556,18,51.0588235294118,17
2013,1005,52.75,8,57.4285714285714,7
2016,1006,40.75,4,40.75,4
2013,1006,67.6666666666667,3,67.6666666666667,3
2016,1007,98.1363636363636,22,98.1363636363636,22
2015,1007,100.636363636364,22,100.636363636364,22
2014,1007,94.2,20,94.2,20
2013,1007,85.25,20,90.2777777777778,18
2016,1011,62.5384615384615,13,66.5833333333333,12
2015,1011,53.6666666666667,3,74,2
2014,1011,87.0714285714286,14,87.0714285714286,14
2013,1011,74.2307692307692,13,82.8181818181818,11
2015,1017,84.25,20,92.5,16
2014,1017,80.35,20,83,19
2013,1017,80.8421052631579,19,82.8235294117647,17
2016,102,69.75,8,69.75,8
2015,102,76.4285714285714,21,76.4285714285714,21
2014,102,74.5909090909091,22,74.5909090909091,22
2013,102,76.2857142857143,21,78.45,20
2015,1020,97.2857142857143,7,100.666666666667,6
2014,1020,98.3636363636364,22,100.714285714286,21
2013,1020,63.5454545454545,11,68.2,10
2016,1021,55.25,12,55.25,12
2015,1021,81.2272727272727,22,81.2272727272727,22
2014,1021,76.8636363636364,22,76.8636363636364,22
2013,1021,64.8,10,67.6666666666667,9
2014,1030,55.4285714285714,7,69,4
2013,1030,72.7058823529412,17,78.3333333333333,15
2016,1031,84.4545454545455,22,87.8571428571429,21
2015,1031,88.9285714285714,14,88.9285714285714,14
2014,1031,64.5,4,71.6666666666667,3
2013,1031,78.4545454545455,22,80.5238095238095,21
2016,1034,109.727272727273,22,109.727272727273,22
2015,1034,104.636363636364,22,104.636363636364,22
2014,1034,96.9047619047619,21,96.9047619047619,21
2013,1034,97,22,97,22
2016,1038,96.6363636363636,22,96.6363636363636,22
2015,1038,82.9,20,82.9,20
2014,1038,73.5454545454545,22,77.95,20
2013,1038,64.8666666666667,15,67.9285714285714,14
2015,1041,67.0555555555556,18,69.5294117647059,17
2014,1041,66.25,16,74.6923076923077,13
2013,1041,81.5238095238095,21,84.1,20
2016,1042,78.7058823529412,17,82.625,16
2015,1042,66,2,110,1
2016,1043,63.4,5,63.4,5
2015,1043,74.4,5,86.75,4
2014,1043,61.6666666666667,6,71.75,4
2013,1043,71.2,15,73.5714285714286,14
2014,1044,36.6666666666667,3,33,1
2015,1053,77.0476190476191,21,77.0476190476191,21
2014,1053,66.2941176470588,17,66.2941176470588,17
2013,1053,54.9,10,61.5,8
2016,1056,81.2777777777778,18,82.5882352941177,17
2015,1056,92.95,20,93.5263157894737,19
2014,1056,52.7142857142857,7,57.8333333333333,6
2013,1056,78.8,20,82.2777777777778,18
2016,1058,63.1428571428571,14,65,13
2015,1058,57.375,16,64.9090909090909,11
2014,1058,57.4615384615385,13,71,9
2013,1058,38.3333333333333,3,47.5,2
2016,1061,101.136363636364,22,101.136363636364,22
2015,1061,87.5294117647059,17,91.4375,16
2014,1061,86.5333333333333,15,86.5333333333333,15
2013,1061,79.2857142857143,21,82.6,20
2015,1062,42.5,2,42.5,2
2014,1062,55.3333333333333,6,55.3333333333333,6
2013,1062,60.5,2,60.5,2
2016,1063,73.1818181818182,22,73.1818181818182,22
2015,1063,81.6818181818182,22,81.6818181818182,22
2014,1063,72.2142857142857,14,72.2142857142857,14
2013,1063,55,13,57.6,10
2016,1064,69.8,5,69.8,5
2015,1064,39.5,2,39.5,2
2014,1064,67.1666666666667,6,67.1666666666667,6
2013,1064,56.6,10,66.625,8
2016,1066,64.7692307692308,13,73.1818181818182,11
2015,1066,58.6666666666667,6,65.8,5
2014,1066,63.4,5,63.4,5
2013,1066,57.0666666666667,15,63.6153846153846,13
2016,1067,91.5,12,91.5,12
2015,1067,90.5833333333333,12,97.2,10
2014,1067,70.6,20,75.3333333333333,18
2013,1067,72,19,77.4705882352941,17
2016,1068,67.1052631578947,19,69.3888888888889,18
2015,1068,62.2857142857143,21,62.2857142857143,21
2014,1068,68.5,12,68.9090909090909,11
2013,1068,75.8181818181818,22,77.2857142857143,21
2015,107,62.875,8,68.7142857142857,7
2013,107,57.25,4,58,3
2016,1072,91.0909090909091,22,91.0909090909091,22
2015,1072,58.25,20,60.8947368421053,19
2014,1072,65.0454545454545,22,67.0476190476191,21
2013,1072,63.7272727272727,22,63.7272727272727,22
2014,1075,73.3076923076923,13,80.1,10
2013,1075,80.7777777777778,18,89.4666666666667,15
2016,1078,80.3333333333333,3,80.3333333333333,3
2014,1078,76.5,2,76.5,2
2013,1078,80,20,80,20
2016,1079,84.6818181818182,22,84.6818181818182,22
2015,1079,79.4545454545455,22,79.4545454545455,22
2014,1079,63.6818181818182,22,63.6818181818182,22
2013,1079,64.8181818181818,22,64.8181818181818,22
2015,1080,66.0769230769231,13,69.1666666666667,12
2014,1080,74.4285714285714,7,78,6
2013,1080,45.4545454545455,11,55,8
2015,1081,90.6666666666667,3,90.6666666666667,3
2013,1081,75.7142857142857,7,89.6,5
2016,1088,71.5294117647059,17,71.5294117647059,17
2015,1088,54.7142857142857,14,58.9230769230769,13
2014,1088,59.8947368421053,19,63.4117647058824,17
2013,1088,58,9,62.625,8
2016,1091,90.5,22,90.5,22
2015,1091,57.625,16,65.1538461538462,13
2014,1091,92.7,20,94,19
2013,1091,79.6470588235294,17,89.6428571428571,14
2016,1096,66.3636363636364,22,66.3636363636364,22
2015,1096,66.85,20,68.5263157894737,19
2014,1096,74.1363636363636,22,74.1363636363636,22
2013,1096,75.5909090909091,22,75.5909090909091,22
2016,1097,41.875,8,41.875,8
2015,1097,57.8636363636364,22,57.8636363636364,22
2014,1097,49.3333333333333,12,49.3333333333333,12
2013,1097,62.2222222222222,9,62.2222222222222,9
2015,1099,97.4666666666667,15,97.4666666666667,15
2014,1099,90.2,15,90.2,15
2013,1099,90.4,15,90.4,15
2016,1100,72,14,72,14
2015,1100,65.4666666666667,15,65.4666666666667,15
2014,1100,69.5625,16,76.2857142857143,14
2013,1100,64.9473684210526,19,64.9473684210526,19
2016,1106,91.9375,16,91.9375,16
2015,1106,98.7368421052632,19,101.222222222222,18
2014,1106,76.1428571428571,14,92.2,10
2013,1106,64.5625,16,73.9166666666667,12
2016,1109,84.1052631578947,19,86.1764705882353,17
2015,1109,84.1428571428571,14,84.0769230769231,13
2014,1109,81.6153846153846,13,86.6666666666667,12
2013,1109,45,2,82,1
2016,1111,68.5,6,68.5,6
2015,1111,57.5,2,57.5,2
2014,1111,79.7777777777778,18,82.9411764705882,17
2013,1111,83.4375,16,83.4375,16
2016,1116,71.8181818181818,22,71.8181818181818,22
2015,1116,82.7272727272727,22,83.7142857142857,21
2014,1116,62.7894736842105,19,62.7894736842105,19
2013,1116,56.4666666666667,15,65.0833333333333,12
2015,1118,39.5,2,39.5,2
2014,1118,59.1875,16,59.1875,16
2013,1118,77.1428571428571,7,95.2,5
2016,1120,96.8823529411765,17,100.875,16
2015,1120,103.727272727273,22,103.727272727273,22
2014,1120,95.6190476190476,21,95.6190476190476,21
2013,1120,79.9090909090909,22,79.9090909090909,22
2016,1121,78.5454545454545,22,78.5454545454545,22
2015,1121,82.0833333333333,12,82.0833333333333,12
2014,1121,85.4545454545455,22,85.4545454545455,22
2013,1121,79,21,80.3,20
2016,1124,71.65,20,71.65,20
2015,1124,55.1428571428571,14,55.1428571428571,14
2014,1124,65.7272727272727,22,65.7272727272727,22
2013,1124,62.15,20,62.15,20
2014,1127,57.5,12,59.5454545454545,11
2016,1128,67.5,18,67.5,18
2015,1128,72.75,16,77,14
2014,1128,67.2142857142857,14,85.3,10
2013,1128,91.4615384615385,13,95.0833333333333,12
2016,1132,78.25,12,78.5454545454545,11
2015,1132,78.7647058823529,17,83.1875,16
2014,1132,70.75,12,79.4,10
2013,1132,44,3,37.5,2
2016,1136,93.2857142857143,21,96,20
2015,1136,103.272727272727,22,103.272727272727,22
2014,1136,98.0454545454545,22,99.5238095238095,21
2013,1136,71.5909090909091,22,71.5909090909091,22
2016,1139,68.5,4,68.5,4
2015,1139,52.5,2,82,1
2014,1139,69.6666666666667,3,69.6666666666667,3
2013,1139,66.4444444444444,9,66.4444444444444,9
2016,1140,55.5454545454545,11,55.5454545454545,11
2015,1140,64.375,16,69.5,14
2014,1140,62.75,20,62.75,20
2013,1140,55.5882352941176,17,59.4615384615385,13
2016,1141,87.5238095238095,21,87.5238095238095,21
2015,1141,94.5238095238095,21,94.5238095238095,21
2014,1141,82.2272727272727,22,83.5238095238095,21
2013,1141,66.8823529411765,17,69.25,16
2016,1142,64.4,5,64.4,5
2015,1142,88.5,12,88.5,12
2014,1142,75.8333333333333,6,82.8,5
2015,1149,114.681818181818,22,114.681818181818,22
2014,1149,116.095238095238,21,116.095238095238,21
2013,1149,98.5789473684211,19,102.055555555556,18
2015,1150,89.6666666666667,21,89.6666666666667,21
2014,1150,102.444444444444,18,102.444444444444,18
2013,1150,103.136363636364,22,103.136363636364,22
2016,1151,89.75,20,89.75,20
2015,1151,66.6363636363636,11,76.3333333333333,9
2014,1151,91.8333333333333,6,91.8333333333333,6
2013,1151,56.4166666666667,12,59.8181818181818,11
2015,1154,58.7142857142857,7,75.6,5
2014,1154,74.2105263157895,19,88.2857142857143,14
2013,1154,65,8,83.6,5
2016,1155,99.55,20,99.55,20
2015,1155,76.4090909090909,22,76.4090909090909,22
2014,1155,90,22,90,22
2013,1155,79.0476190476191,21,79.0476190476191,21
2016,1159,55,7,55,7
2015,1159,68.7,20,70.7368421052632,19
2014,1159,49.8333333333333,12,60,8
2013,1159,41.1428571428571,7,50.4,5
2016,116,75.4615384615385,13,75.4615384615385,13
2015,116,75.4117647058823,17,80,16
2014,116,74.5,20,75.1578947368421,19
2013,116,100,21,100,21
2016,1161,92.7272727272727,22,92.7272727272727,22
2015,1161,71.2631578947368,19,71.2631578947368,19
2014,1161,73.3,20,73.3,20
2013,1161,72.2941176470588,17,72.2941176470588,17
2016,1162,99.3846153846154,13,101,12
2015,1162,79.55,20,79.55,20
2014,1162,66.7272727272727,11,66.7272727272727,11
2013,1162,63.7692307692308,13,67.4166666666667,12
2016,1166,69.5555555555556,9,69.5555555555556,9
2015,1166,63.8235294117647,17,63.8235294117647,17
2014,1166,71.9473684210526,19,71.9473684210526,19
2013,1166,52.8947368421053,19,52.8947368421053,19
2016,1170,56.6666666666667,15,56.6666666666667,15
2015,1170,45,2,45,2
2014,1170,52.875,8,61.6666666666667,6
2013,1170,46.3333333333333,12,59.75,8
2016,1171,76.4615384615385,13,76.4615384615385,13
2015,1171,80.25,12,80.25,12
2014,1171,74.8125,16,74.8125,16
2016,1174,59.8421052631579,19,59.8421052631579,19
2015,1174,69,9,69,9
2014,1174,90.4285714285714,14,95.9166666666667,12
2013,1174,74.5625,16,80.75,12
2016,1175,94.5294117647059,17,98.9333333333333,15
2014,1175,120.636363636364,22,120.636363636364,22
2013,1175,120.545454545455,22,120.545454545455,22
2016,1177,47.5,6,47.5,6
2015,1177,48.6666666666667,6,62.75,4
2014,1177,61.3076923076923,13,65.6666666666667,12
2016,1179,95.45,20,100.315789473684,19
2015,1179,78.3333333333333,6,78.3333333333333,6
2014,1179,84,12,89.2727272727273,11
2013,1179,60.7142857142857,7,60.7142857142857,7
2016,1180,97.5454545454545,22,97.5454545454545,22
2015,1180,90.05,20,90.05,20
2014,1180,84.0909090909091,22,84.0909090909091,22
2013,1180,67,8,73.8571428571429,7
2016,1181,98.0555555555556,18,98.0555555555556,18
2015,1181,48.1666666666667,12,72.5,4
2014,1181,63.7,10,79.6666666666667,6
2013,1181,70,9,75.6666666666667,6
2016,1187,63.5882352941176,17,63.5882352941176,17
2015,1187,71.4736842105263,19,71.4736842105263,19
2014,1187,73.125,16,78.0714285714286,14
2013,1187,65.6,10,64.7142857142857,7
2016,1188,93.9411764705882,17,93.9411764705882,17
2015,1188,79.7777777777778,18,81.7058823529412,17
2014,1188,83.5263157894737,19,83.5263157894737,19
2013,1188,59.9411764705882,17,60.75,16
2016,1190,101.772727272727,22,101.772727272727,22
2015,1190,103.863636363636,22,103.863636363636,22
2014,1190,79.2857142857143,21,79.2857142857143,21
2013,1190,81.5882352941177,17,81.5882352941177,17
2016,1191,91.0476190476191,21,91.0476190476191,21
2015,1191,81.0588235294118,17,82.2666666666667,15
2014,1191,80.9230769230769,13,85.5833333333333,12
2016,1193,48.5714285714286,7,65,5
2015,1193,61.5625,16,61.5625,16
2014,1193,85.9473684210526,19,86.8888888888889,18
2013,1193,94.5555555555556,18,94.5555555555556,18
2016,1195,104,6,104,6
2016,1196,56.25,4,56.25,4
2015,1196,59.1818181818182,11,72.4285714285714,7
2014,1196,74.8333333333333,6,74.8333333333333,6
2016,1200,63.3571428571429,14,63.3571428571429,14
2015,1200,36.5,4,61,2
2014,1200,64.2352941176471,17,67.5333333333333,15
2013,1200,80.5454545454545,22,83.1904761904762,21
2016,1201,55.6,5,55.6,5
2015,1201,65.8888888888889,9,71.125,8
2014,1201,84.0476190476191,21,86.55,20
2013,1201,85.6363636363636,22,88.6666666666667,21
2016,1202,66.5,2,66.5,2
2015,1202,71.4545454545455,11,71.6,10
2014,1202,42.5,4,65,1
2016,1203,93.0666666666667,15,93.0666666666667,15
2015,1203,88.4,15,97.4615384615385,13
2014,1203,71.8333333333333,6,71.8333333333333,6
2013,1203,93.75,8,102,7
2016,1205,52.0769230769231,13,52.0769230769231,13
2015,1205,62.9,10,62.9,10
2014,1205,80.4444444444444,9,80.4444444444444,9
2013,1205,81.7272727272727,22,81.7272727272727,22
2016,1207,123.363636363636,22,123.363636363636,22
2015,1207,108.421052631579,19,108.421052631579,19
2014,1207,113.590909090909,22,113.590909090909,22
2013,1207,91.9545454545455,22,91.9545454545455,22
2016,1209,68.1111111111111,9,68.1111111111111,9
2015,1209,75.5714285714286,7,91.4,5
2014,1209,82.2631578947368,19,82.2631578947368,19
2013,1209,74.9,10,74.9,10
2016,1213,78.1764705882353,17,78.1764705882353,17
2015,1213,74.4,5,84.75,4
2014,1213,83.1904761904762,21,85.1578947368421,19
2016,1214,98.1428571428571,14,98.1428571428571,14
2015,1214,107.375,8,107.375,8
2014,1214,110.727272727273,22,110.727272727273,22
2013,1214,107.55,20,107.55,20
2016,1215,79.55,20,79.55,20
2015,1215,77.2631578947368,19,80.3529411764706,17
2014,1215,79.9545454545455,22,79.9545454545455,22
2013,1215,82.1578947368421,19,83.1666666666667,18
2016,1221,44,3,54.5,2
2015,1221,54.6428571428571,14,60.1666666666667,12
2014,1221,50.6153846153846,13,56.6,10
2013,1221,64.7222222222222,18,69.2857142857143,14
2016,1225,81.2666666666667,15,85.6428571428571,14
2015,1225,64.1666666666667,12,72,8
2014,1225,69.8888888888889,9,73.1428571428571,7
2013,1225,86.375,16,90.7333333333333,15
2016,1226,75.5384615384615,13,75.5384615384615,13
2015,1226,68.2,15,70.9230769230769,13
2014,1226,64.9,20,73.5625,16
2013,1226,79,18,79,18
2015,1229,42,4,50.3333333333333,3
2014,1229,41.3333333333333,6,46.75,4
2013,1229,60.3846153846154,13,66.7,10
2016,1230,82.0952380952381,21,83.8,20
2015,1230,78.3684210526316,19,83.9411764705882,17
2014,1230,96.8636363636364,22,96.8636363636364,22
2013,1230,81.1666666666667,18,81.1666666666667,18
2016,1231,87.6363636363636,22,87.6363636363636,22
2015,1231,97.9523809523809,21,101.65,20
2014,1231,98.8571428571429,21,98.8571428571429,21
2013,1231,90.2380952380952,21,90.2380952380952,21
2016,1232,80.9047619047619,21,82.35,20
2015,1232,84.5454545454545,11,86.5,10
2014,1232,73.1,10,77.5555555555556,9
2013,1232,75,8,81.2857142857143,7
2015,1237,95.8333333333333,6,95.8333333333333,6
2014,1237,103.545454545455,22,103.545454545455,22
2013,1237,78.5555555555556,18,78.5555555555556,18
2016,1238,62.3333333333333,3,62.3333333333333,3
2015,1238,53,4,45.3333333333333,3
2014,1238,38.6666666666667,3,38.6666666666667,3
2013,1238,60.5714285714286,7,65.6666666666667,6
2016,1240,64.6428571428571,14,64.6428571428571,14
2015,1240,48.3333333333333,12,51.5454545454545,11
2014,1240,64.2105263157895,19,64.2105263157895,19
2013,1240,80.3809523809524,21,80.3809523809524,21
2015,1241,40,3,57.5,2
2014,1241,44.5,4,45.5,2
2016,1246,59.9375,16,59.9375,16
2015,1246,56.5625,16,60.0769230769231,13
2014,1246,57.8,5,58,4
2013,1246,56,2,56,2
2016,1247,91.0588235294118,17,91.0588235294118,17
2015,1247,104.894736842105,19,110.111111111111,18
2014,1247,64.7692307692308,13,65.9166666666667,12
2013,1247,78.5555555555556,18,83.6666666666667,15
2016,1251,80,22,80,22
2015,1251,79.75,20,79.75,20
2014,1251,66.25,16,73.2857142857143,14
2013,1251,69,4,69,4
2016,1254,82.7619047619048,21,82.7619047619048,21
2015,1254,53.4545454545455,11,75,5
2014,1254,48.2142857142857,14,71.3333333333333,6
2013,1254,61.3333333333333,3,70,2
2016,1256,113.714285714286,14,116.307692307692,13
2015,1256,100.5,18,104,17
2014,1256,76.9166666666667,12,86.9,10
2013,1256,84.125,16,92.7142857142857,14
2016,1257,72.2727272727273,11,70.4,10
2015,1257,62.2727272727273,11,98.8,5
2016,126,93.8,20,93.8,20
2015,126,65.1818181818182,11,64.7,10
2014,126,85.1111111111111,18,98,15
2013,126,102.842105263158,19,102.842105263158,19
2016,1261,91,10,91,10
2015,1261,87.8636363636364,22,87.8636363636364,22
2014,1261,91.0952380952381,21,91.0952380952381,21
2013,1261,80.8095238095238,21,80.8095238095238,21
2016,1262,68.2142857142857,14,68.2142857142857,14
2015,1262,91.5,22,91.5,22
2014,1262,70,13,75.9090909090909,11
2013,1262,59.7142857142857,7,68.1666666666667,6
2016,1263,60.4285714285714,7,60.4285714285714,7
2015,1263,51,16,51,16
2014,1263,47.1428571428571,7,51.1666666666667,6
2016,1264,78.7272727272727,22,78.7272727272727,22
2015,1264,80.3333333333333,9,85.875,8
2014,1264,66,3,66,3
2016,1266,97.3181818181818,22,97.3181818181818,22
2015,1266,114.857142857143,21,114.857142857143,21
2014,1266,73.5714285714286,21,78.4444444444444,18
2013,1266,73.1052631578947,19,73.1052631578947,19
2016,1270,77.8,20,77.8,20
2015,1270,58.3333333333333,21,58.8947368421053,19
2014,1270,60,22,60,22
2013,1270,66.4285714285714,21,69.9473684210526,19
2016,1271,65.3181818181818,22,65.3181818181818,22
2015,1271,73.1363636363636,22,73.1363636363636,22
2014,1271,55.6,10,55.7777777777778,9
2013,1271,59.1818181818182,11,59.1818181818182,11
2016,1272,57,11,57,11
2015,1272,62.1111111111111,18,68.3333333333333,15
2014,1272,62.75,8,62.8571428571429,7
2016,1273,78.1666666666667,18,78.1666666666667,18
2015,1273,64.875,16,64.875,16
2014,1273,69.4705882352941,17,71.1875,16
2013,1273,62.5,14,65.6923076923077,13
2016,1274,56.25,12,60.3636363636364,11
2015,1274,65.7272727272727,11,68.4,10
2014,1274,79.7142857142857,7,79.7142857142857,7
2013,1274,73.3333333333333,3,73.3333333333333,3
2016,1276,69.8888888888889,18,69.8888888888889,18
2015,1276,74.8636363636364,22,74.8636363636364,22
2014,1276,58.0714285714286,14,58.0714285714286,14
2013,1276,73.7619047619048,21,73.7619047619048,21
2016,1277,89,9,89,9
2015,1277,70,6,70,6
2014,1277,54.8571428571429,7,60,5
2013,1277,60,6,60,6
2015,1278,60.55,20,60.55,20
2014,1278,60.5,22,62.5714285714286,21
2013,1278,62.9285714285714,14,62.9285714285714,14
2016,1280,112.285714285714,21,112.285714285714,21
2015,1280,96.2222222222222,18,100.294117647059,17
2014,1280,88.0714285714286,14,94.3333333333333,12
2013,1280,79.3888888888889,18,84.1875,16
2016,1283,89.4545454545455,22,89.4545454545455,22
2015,1283,98.8181818181818,22,98.8181818181818,22
2014,1283,91.1666666666667,6,91.1666666666667,6
2013,1283,52,2,52,2
2016,1284,82.6875,16,85.3333333333333,15
2015,1284,42,11,56.1428571428571,7
2014,1284,60.7777777777778,9,66.125,8
2013,1284,66.3333333333333,9,75.2857142857143,7
2016,1285,64.5555555555556,18,64.5555555555556,18
2015,1285,72.1052631578947,19,81.8,15
2014,1285,66.7272727272727,22,67.9047619047619,21
2013,1285,20.3333333333333,3,41,1
2016,1292,68.2222222222222,18,68.2222222222222,18
2015,1292,78.7727272727273,22,78.7727272727273,22
2014,1292,46,4,71.5,2
2013,1292,78.6923076923077,13,78.6923076923077,13
2016,1293,116.590909090909,22,116.590909090909,22
2015,1293,92.5789473684211,19,92.5789473684211,19
2014,1293,87.1875,16,87.1875,16
2013,1293,57.0769230769231,13,73.5714285714286,7
2015,1295,62,7,67.3333333333333,6
2016,1298,49,3,49,3
2015,1298,50.4444444444444,9,69.1666666666667,6
2013,1298,51.5,2,51.5,2
2015,1299,81.1,20,83.7368421052632,19
2014,1299,88.5882352941177,17,92.8125,16
2013,1299,72,19,75.8823529411765,17
2016,1300,92.5,22,92.5,22
2015,1300,103,22,103,22
2014,1300,101.090909090909,22,101.090909090909,22
2013,1300,87.6,20,103.25,16
2016,1301,81,2,86,1
2015,1301,78.5454545454545,11,90.875,8
2016,1302,52,2,52,2
2016,1306,56.1875,16,56.1875,16
2015,1306,38.3333333333333,3,51,2
2014,1306,63.25,16,63.25,16
2013,1306,45,2,45,2
2016,1307,27,2,27,2
2015,1307,53,3,53,3
2016,1308,95.4545454545455,22,95.4545454545455,22
2015,1308,71.7727272727273,22,75.6,20
2014,1308,101.454545454545,22,101.454545454545,22
2013,1308,82.1363636363636,22,85.85,20
2014,1309,31.3333333333333,3,50,1
2016,1310,92.7142857142857,21,92.7142857142857,21
2015,1310,87.5454545454545,22,87.4761904761905,21
2014,1310,111.533333333333,15,111.533333333333,15
2013,1310,77.8947368421053,19,80.2222222222222,18
2015,1312,80.5,6,89.4,5
2014,1312,58.3333333333333,9,74,4
2013,1312,80.6,5,94.6666666666667,3
2016,1314,107.882352941176,17,107.882352941176,17
2015,1314,81.5333333333333,15,90.9230769230769,13
2014,1314,58.6875,16,58.6875,16
2013,1314,66.0454545454545,22,68.4,20
2016,1316,61.875,8,61.875,8
2015,1316,63.2,10,63.2,10
2015,1317,50.8,5,55.6666666666667,3
2014,1317,77.1818181818182,11,80.8,10
2013,1317,71.5555555555556,18,74.2352941176471,17
2016,1319,95.4375,16,95.4375,16
2015,1319,72.6470588235294,17,75.4375,16
2014,1319,80.625,8,90.8571428571429,7
2013,1319,69.4545454545455,11,69.4545454545455,11
2016,1321,64.6111111111111,18,64.6111111111111,18
2015,1321,70.55,20,70.55,20
2014,1321,72.1052631578947,19,72.1052631578947,19
2013,1321,61.3809523809524,21,61.5,20
2016,1322,80.2,10,80.2,10
2015,1322,76.6363636363636,22,76.6363636363636,22
2014,1322,73.0476190476191,21,73.0476190476191,21
2013,1322,87.3333333333333,6,87.3333333333333,6
2016,1324,48,2,48,2
2015,1324,48,11,55.5555555555556,9
2014,1324,72.35,20,78.3888888888889,18
2013,1324,50,9,56,7
2016,1326,85.8,15,85.8,15
2015,1326,69.8333333333333,12,69.8333333333333,12
2014,1326,62.5,6,62.5,6
2016,1330,58.6666666666667,15,60,14
2015,1330,66.7142857142857,7,73.1666666666667,6
2014,1330,69.1,20,69.1,20
2013,1330,59.6315789473684,19,59.6315789473684,19
2016,1331,82.5714285714286,21,82.5714285714286,21
2014,1331,55.2857142857143,14,55.2857142857143,14
2013,1331,73.9090909090909,11,80.4,10
2016,1332,66.5294117647059,17,66.5294117647059,17
2015,1332,45.6363636363636,11,48,10
2014,1332,40.7777777777778,9,45,8
2016,1333,109.470588235294,17,109.470588235294,17
2015,1333,100.095238095238,21,104.210526315789,19
2014,1333,65.9375,16,70.0666666666667,15
2013,1333,83.2777777777778,18,83.2777777777778,18
2015,1338,81.5,18,85,17
2014,1338,67.8125,16,71,15
2013,1338,49.5,4,49.5,4
2016,1344,54,17,57.6,15
2014,1344,50.3333333333333,3,50.3333333333333,3
2016,1345,25.5,2,38,1
2015,1345,58.1428571428571,7,58.1428571428571,7
2016,1347,69.7857142857143,14,69.7857142857143,14
2014,1347,59.9,10,65.625,8
2013,1347,46.1,10,64.6,5
2016,1348,70.8181818181818,11,70.8181818181818,11
2015,1348,61.0666666666667,15,65,13
2014,1348,66.0714285714286,14,68.7692307692308,13
2013,1348,51.3076923076923,13,53.4166666666667,12
2016,1349,51,2,51,2
2013,1349,44,3,44,3
2016,1351,101.578947368421,19,101.578947368421,19
2015,1351,106.727272727273,22,106.727272727273,22
2014,1351,110.333333333333,12,110.333333333333,12
2013,1351,68,3,95.5,2
2016,1352,61.6153846153846,13,63.8333333333333,12
2015,1352,46,5,47.75,4
2014,1352,54,3,58,2
2013,1352,50,2,50,2
2016,1353,108.363636363636,22,108.363636363636,22
2015,1353,111.235294117647,17,114.75,16
2014,1353,95.3333333333333,6,104.2,5
2013,1353,95.8333333333333,12,95.9090909090909,11
2016,1354,31,2,43,1
2014,1354,77.125,8,77.125,8
2013,1354,74.6363636363636,22,77.6666666666667,21
2016,1356,55.125,8,62.1428571428571,7
2015,1356,45.4285714285714,14,45.4285714285714,14
2014,1356,54,20,54,20
2013,1356,51.7142857142857,21,51.7142857142857,21
2016,1357,68.6,10,68.6,10
2015,1357,72.0555555555556,18,76.1875,16
2014,1357,67.4285714285714,21,67.4285714285714,21
2013,1357,57.9,10,70.5,6
2016,1358,129.045454545455,22,129.045454545455,22
2015,1358,117.863636363636,22,119.142857142857,21
2014,1358,89.1428571428571,21,93.8421052631579,19
2013,1358,88,9,90.625,8
2016,1361,94.7727272727273,22,94.7727272727273,22
2015,1361,91.7727272727273,22,91.7727272727273,22
2014,1361,87.4090909090909,22,87.4090909090909,22
2013,1361,59.2222222222222,18,62.2941176470588,17
2016,1365,41.25,4,41.25,4
2014,1365,36.5,6,45,4
2016,1367,70.7142857142857,21,70.7142857142857,21
2015,1367,49.6666666666667,3,49.6666666666667,3
2014,1367,69.3684210526316,19,73.0555555555556,18
2013,1367,52.6666666666667,3,69,2
2016,1369,56.5625,16,58.8461538461538,13
2015,1369,59,4,65.3333333333333,3
2016,1370,68.8,10,68.8,10
2015,1370,63.7272727272727,11,63.7272727272727,11
2014,1370,38,3,38,3
2016,1371,52.375,16,52.375,16
2015,1371,53.2727272727273,11,53.2727272727273,11
2014,1371,45,5,46.75,4
2016,1372,102.727272727273,22,102.727272727273,22
2015,1372,75.6,10,85.125,8
2014,1372,64.9230769230769,13,72.3636363636364,11
2013,1372,58,13,63.5454545454545,11
2016,1373,57.4545454545455,22,57.4545454545455,22
2015,1373,70.45,20,70.45,20
2014,1373,71.3333333333333,21,71.3333333333333,21
2013,1373,63.5,10,63.5,10
2016,1375,72,5,72,5
2015,1375,55.7333333333333,15,55.7333333333333,15
2016,1379,66.8333333333333,18,72.6875,16
2015,1379,51.4615384615385,13,51.4615384615385,13
2014,1379,36.2142857142857,14,38.6363636363636,11
2013,1379,36.25,4,55,2
2015,1381,65.5,10,65.5,10
2014,1381,61.6923076923077,13,67.1818181818182,11
2016,1382,71.2380952380952,21,71.2380952380952,21
2015,1382,65.0588235294118,17,69.7142857142857,14
2014,1382,46.75,8,54.5,4
2013,1382,57.2222222222222,9,68,7
2016,1384,106.238095238095,21,106.238095238095,21
2015,1384,104.642857142857,14,109,13
2014,1384,98.4705882352941,17,102.625,16
2013,1384,78.3809523809524,21,79.15,20
2016,1385,67.6666666666667,9,75.625,8
2015,1385,41.3333333333333,3,49,2
2013,1385,74.9285714285714,14,83.9166666666667,12
2016,1386,84.75,12,84.75,12
2015,1386,87.6,20,87.6,20
2014,1386,97.4761904761905,21,97.4761904761905,21
2013,1386,77.4444444444444,18,77.4444444444444,18
2016,1388,85.3181818181818,22,85.3181818181818,22
2015,1388,78.2,20,78.2,20
2014,1388,80.3636363636364,22,80.3636363636364,22
2013,1388,80.7,20,80.7,20
2016,1391,50.25,16,53.4666666666667,15
2014,1391,37.5,2,48,1
2013,1391,50.125,8,56.6666666666667,6
2016,1392,80.0526315789474,19,80.0526315789474,19
2015,1392,66.5789473684211,19,66.5789473684211,19
2014,1392,71.1818181818182,22,71.1818181818182,22
2013,1392,51.125,16,69.875,8
2015,1394,78.2857142857143,14,78.2857142857143,14
2014,1394,45,3,45,3
2013,1394,77.8888888888889,9,77.8888888888889,9
2016,1395,59.4166666666667,12,59.4166666666667,12
2015,1395,71.125,8,80.1428571428571,7
2014,1395,77.8421052631579,19,78.8888888888889,18
2013,1395,77.5882352941177,17,77.5882352941177,17
2016,1396,63,4,63,4
2014,1396,56.25,8,56.5714285714286,7
2013,1396,48.25,8,54.3333333333333,6
2016,1397,121.181818181818,22,121.181818181818,22
2015,1397,113.809523809524,21,113.809523809524,21
2014,1397,114.4,20,114.4,20
2013,1397,96.3,20,96.3,20
2016,1398,55,3,51,2
2014,1398,23.25,4,43,1
2013,1398,29.5,2,58,1
2016,1401,100.571428571429,21,100.571428571429,21
2015,1401,87.7333333333333,15,87.7333333333333,15
2014,1401,100.045454545455,22,102.333333333333,21
2013,1401,53,3,66,2
2016,1406,70.8181818181818,11,70.8181818181818,11
2015,1406,68.4705882352941,17,68.3125,16
2014,1406,65.7272727272727,11,67.4,10
2013,1406,55.1818181818182,11,62.2857142857143,7
2015,1407,53,8,57.1666666666667,6
2014,1407,94.5,2,94.5,2
2013,1407,40.5714285714286,7,40.5714285714286,7
2016,1409,60.6363636363636,11,64.4,10
2015,1409,87.25,20,87.25,20
2014,1409,76.6,15,76.6,15
2013,1409,81.6666666666667,15,81.6666666666667,15
2016,141,62.25,8,62.25,8
2014,141,56.3181818181818,22,56.3181818181818,22
2013,141,61.6363636363636,22,61.6363636363636,22
2016,1410,75.5263157894737,19,75.5263157894737,19
2015,1410,54.6153846153846,13,64.1111111111111,9
2014,1410,50.5,6,57.4,5
2013,1410,36,4,42.5,2
2016,1412,76.6111111111111,18,79.5882352941177,17
2015,1412,95.8181818181818,22,95.8181818181818,22
2014,1412,81.1428571428571,21,84.6,20
2013,1412,93.2727272727273,22,93,21
2016,1413,66.5,2,66.5,2
2015,1413,84.1818181818182,11,84.1818181818182,11
2014,1413,72.95,20,74.5789473684211,19
2013,1413,64.2857142857143,7,82.75,4
2014,1414,51,2,92,1
2016,1418,83.3157894736842,19,83.3157894736842,19
2015,1418,90.7619047619048,21,90.7619047619048,21
2014,1418,72.7692307692308,13,80.8181818181818,11
2013,1418,69.0526315789474,19,69.0526315789474,19
2016,1419,118.05,20,118.05,20
2015,1419,97.3181818181818,22,97.3181818181818,22
2014,1419,93.4285714285714,21,97,20
2013,1419,80.1363636363636,22,80.1363636363636,22
2016,1420,46.8888888888889,9,50.5,8
2015,1420,48.5,4,63,2
2013,1420,54.4,5,70.6666666666667,3
2016,1421,55.5,2,55.5,2
2015,1421,38.6,5,40,3
2014,1421,45.2,5,56.6666666666667,3
2016,1422,77.5909090909091,22,77.5909090909091,22
2015,1422,55.8571428571429,7,69,5
2016,1426,62.6363636363636,11,62.6363636363636,11
2016,1427,43,2,34,1
2015,1427,64.1818181818182,11,71.75,8
2014,1427,60,8,71,6
2016,1428,66.625,8,66.625,8
2015,1428,36,6,43.75,4
2014,1428,46.5555555555556,9,50.875,8
2016,143,93.5238095238095,21,93.5238095238095,21
2015,143,94.8333333333333,12,98.1818181818182,11
2014,143,99.4545454545455,22,101.47619047619,21
2013,143,98.6818181818182,22,98.6818181818182,22
2016,1431,82,2,82,2
2014,1431,39.5,14,43.9090909090909,11
2016,1432,60.5555555555556,9,60.5555555555556,9
2015,1432,55.25,8,55.25,8
2014,1433,40,2,40,2
2015,1434,68.1666666666667,6,77.4,5
2013,1434,61.75,8,66.7142857142857,7
2016,1435,54.3333333333333,3,54.3333333333333,3
2015,1435,53.5263157894737,19,53.5263157894737,19
2014,1435,44.25,4,54.3333333333333,3
2013,1435,39.8,10,39.8,10
2016,1436,93,14,93,14
2014,1436,102.636363636364,11,107.7,10
2013,1436,97.0714285714286,14,97.0714285714286,14
2016,1437,87,4,87,4
2014,1437,64.5,4,64.5,4
2016,1438,77.8181818181818,22,77.8181818181818,22
2015,1438,63.0454545454545,22,65.4285714285714,21
2014,1438,62.7,20,62.7,20
2013,1438,58.4,5,68.25,4
2015,1439,57.5,6,66,5
2016,1443,66.6,10,66.6,10
2015,1443,49.7,20,50.2631578947368,19
2014,1443,58.5454545454545,22,60.8571428571429,21
2013,1443,55,2,66,1
2016,1444,60.3333333333333,3,78.5,2
2015,1444,41.875,8,48.6666666666667,6
2013,1444,32,2,67,1
2016,1445,75.45,20,75.45,20
2015,1445,63.3636363636364,22,68,19
2014,1445,62,8,73.4,5
2016,1447,80.8333333333333,12,80.8333333333333,12
2015,1447,86.6666666666667,6,98,5
2014,1447,56.75,8,64.4,5
2013,1447,49,2,0,0
2016,1449,110.52380952381,21,110.52380952381,21
2015,1449,99.5263157894737,19,102.555555555556,18
2014,1449,63.6,15,67.2307692307692,13
2013,1449,75.6666666666667,6,75.6666666666667,6
2016,1450,74.25,8,74.25,8
2015,1450,33.6666666666667,3,0,0
2013,1450,8.5,2,0,0
2016,1451,48,2,48,2
2015,1451,54,3,54,3
2014,1451,42.3333333333333,3,52,2
2013,1451,46.5833333333333,12,49.9,10
2016,1452,67.6666666666667,21,67.6666666666667,21
2015,1452,50,16,50,16
2014,1452,68.2857142857143,7,68.2857142857143,7
2013,1452,81,3,81,3
2016,1457,79.75,4,79.75,4
2015,1457,59.5714285714286,7,62.1666666666667,6
2014,1457,79.1666666666667,12,82.2727272727273,11
2013,1457,62.2857142857143,7,79.75,4
2016,1458,107.681818181818,22,107.681818181818,22
2015,1458,80.5833333333333,12,98.5,8
2014,1458,65.1428571428571,14,73.8333333333333,12
2013,1458,55.2222222222222,9,75.8,5
2016,1459,74.0588235294118,17,73.875,16
2015,1459,79.9,10,95.8571428571429,7
2014,1459,80.8125,16,88,14
2013,1459,104.777777777778,9,104.777777777778,9
2015,1460,53.1111111111111,9,62,7
2014,1460,34.125,8,56.6666666666667,3
2013,1460,37.7777777777778,9,48.4,5
2015,1461,55.3333333333333,6,55.3333333333333,6
2014,1461,51.8,5,54.25,4
2013,1461,37.5,2,64,1
2016,1462,83,10,83,10
2015,1462,50.5555555555556,9,53.875,8
2014,1462,79.4,20,79.4,20
2013,1462,72.2272727272727,22,73.6666666666667,21
2016,1463,69.4666666666667,15,69.4666666666667,15
2015,1463,40,5,54.3333333333333,3
2014,1463,49.375,8,85,3
2013,1463,47.6666666666667,12,69.5,6
2016,1464,70.25,20,70.25,20
2015,1464,37.75,4,43,3
2014,1464,55,13,56.9166666666667,12
2013,1464,43.9333333333333,15,54.7272727272727,11
2016,1466,43,3,43,3
2013,1466,55.8947368421053,19,57.3888888888889,18
2016,1467,89.7727272727273,22,89.7727272727273,22
2015,1467,72.4,20,77.4705882352941,17
2014,1467,65.7222222222222,18,79,13
2016,1468,73.4,15,73.4,15
2015,1468,67.5,18,71.2352941176471,17
2014,1468,52.2222222222222,9,57.8571428571429,7
2013,1468,54,4,64,3
2016,1469,105.5,18,105.5,18
2015,1469,111.4,20,111.4,20
2014,1469,110.904761904762,21,112.55,20
2013,1469,70.2307692307692,13,82.3,10
2016,1470,50.75,4,50.75,4
2016,1472,77.6190476190476,21,77.6190476190476,21
2015,1472,64.9285714285714,14,71.25,12
2014,1472,74.1428571428571,21,75.3157894736842,19
2013,1472,76.4444444444444,18,79.1176470588235,17
2016,1473,44.6666666666667,3,44.6666666666667,3
2015,1473,28,2,28,2
2016,1476,81.6666666666667,6,81.6666666666667,6
2015,1476,66.3636363636364,22,71.8421052631579,19
2016,1477,80.1176470588235,17,80.1176470588235,17
2015,1477,57.5833333333333,12,61.4545454545455,11
2015,1478,51.1428571428571,14,54.1818181818182,11
2014,1478,54.2105263157895,19,61.5714285714286,14
2013,1478,49.3333333333333,6,56.4,5
2016,1479,59.5,4,59.5,4
2015,1479,60.25,8,67.8571428571429,7
2014,1479,74.5,10,84.5714285714286,7
2013,1479,54.3076923076923,13,79.6,5
2016,1481,52.5,2,52.5,2
2015,1481,44.6666666666667,3,64.5,2
2014,1481,40.8888888888889,9,60.25,4
2013,1481,48.625,8,54,7
2016,1482,74.125,8,74.125,8
2016,1483,58.2352941176471,17,58.2352941176471,17
2015,1483,60.3,10,60.3,10
2014,1483,68.8,5,68.8,5
2013,1483,48.875,16,51.7857142857143,14
2016,1484,53.5714285714286,14,53.5714285714286,14
2014,1484,40.25,4,35.3333333333333,3
2014,1485,102.681818181818,22,102.681818181818,22
2013,1485,96.3636363636364,22,96.3636363636364,22
2016,1486,61,7,60.1666666666667,6
2015,1486,74,2,74,2
2014,1486,43,8,57.8,5
2016,1489,77.5833333333333,12,77.5833333333333,12
2015,1489,80.5294117647059,17,90.7857142857143,14
2013,1489,21.5,2,0,0
2016,1490,57,4,57,4
2015,1490,83.1818181818182,22,83.1818181818182,22
2014,1490,56.8333333333333,18,64.6,15
2013,1490,43.8,5,46.75,4
2016,1492,61.6842105263158,19,61.6842105263158,19
2015,1492,74,2,74,2
2014,1492,55.4166666666667,12,55.4166666666667,12
2013,1492,48.3333333333333,6,52,5
2015,1493,60.5,4,59,3
2016,1494,92.9545454545455,22,92.9545454545455,22
2015,1494,86.9090909090909,22,86.9090909090909,22
2014,1494,82.4545454545455,22,84.3809523809524,21
2013,1494,64.3,20,65.6315789473684,19
2016,1495,90.5,2,90.5,2
2015,1495,69.8,5,69.8,5
2014,1495,43,2,43,2
2016,1497,76.1666666666667,6,76.1666666666667,6
2016,1499,67.1428571428571,7,71.3333333333333,6
2015,1499,52.25,4,83.5,2
2016,15,98.1363636363636,22,98.1363636363636,22
2015,15,120.857142857143,21,120.857142857143,21
2014,15,107.066666666667,15,107.066666666667,15
2013,15,97.0952380952381,21,97.0952380952381,21
2015,1500,13.5,2,0,0
2014,1500,61.2,10,59,9
2013,1500,44.7,10,50.7142857142857,7
2016,1504,69.5625,16,70.8,15
2015,1504,86.5294117647059,17,86.5294117647059,17
2014,1504,54.25,4,61,3
2013,1504,66.2,5,70.25,4
2016,1505,40,2,53,1
2015,1507,49.6923076923077,13,53.5,12
2014,1507,39.6666666666667,3,39.6666666666667,3
2016,1508,74.6842105263158,19,74.6842105263158,19
2015,1508,76.9523809523809,21,74.6,20
2014,1508,69.6111111111111,18,69.6111111111111,18
2013,1508,46.8,10,55.2857142857143,7
2016,1510,63.8235294117647,17,63.8235294117647,17
2015,1510,43.4285714285714,14,50.9,10
2014,1510,69,7,79.3333333333333,6
2013,1510,37,4,44,3
2014,1512,70.6666666666667,15,76,12
2013,1512,89.35,20,89.35,20
2015,1513,74.4210526315789,19,75.3333333333333,18
2014,1513,57.25,4,68,3
2013,1513,68.5,4,68.5,4
2016,1514,67.25,8,75,6
2015,1514,59.6666666666667,9,71.8571428571429,7
2014,1514,64.25,4,78,3
2013,1514,47.0714285714286,14,57.8181818181818,11
2016,1515,71.6153846153846,13,71.6153846153846,13
2015,1515,47.6666666666667,9,64.5,6
2014,1515,40.5,6,41.8,5
2016,1517,110.285714285714,21,110.285714285714,21
2015,1517,96.5625,16,101.4,15
2014,1517,80,20,80,20
2013,1517,76.6153846153846,13,82.4166666666667,12
2016,1518,77.1578947368421,19,80.0555555555556,18
2015,1518,75.2727272727273,22,75.2727272727273,22
2014,1518,73.5789473684211,19,78.7058823529412,17
2013,1518,78.5882352941177,17,78.5882352941177,17
2016,152,60,6,60,6
2015,152,63.8571428571429,14,63.8571428571429,14
2014,152,68.5555555555556,18,68.5555555555556,18
2013,152,54.9166666666667,12,57.6363636363636,11
2016,1520,86.6315789473684,19,86.6315789473684,19
2015,1520,81.7142857142857,21,81.7142857142857,21
2014,1520,79,11,79,11
2013,1520,76.5789473684211,19,82.2941176470588,17
2016,1523,93,20,93,20
2015,1523,73.3333333333333,12,92,9
2014,1523,65,8,65,8
2013,1523,62.0909090909091,11,79,7
2016,1524,107.090909090909,22,107.090909090909,22
2015,1524,101.846153846154,13,109.25,12
2014,1524,100.818181818182,22,100.818181818182,22
2013,1524,76.8181818181818,22,74.95,20
2016,1525,81.375,8,82.7142857142857,7
2015,1525,53.8571428571429,7,65.8,5
2016,1526,51.2,10,53,9
2015,1526,49.4,5,54,3
2014,1526,50.1428571428571,7,57.3333333333333,6
2013,1526,48.5,8,48.4285714285714,7
2016,1528,76.9375,16,78.9333333333333,15
2015,1528,49.8571428571429,7,61.5,4
2014,1528,47.6666666666667,3,60,1
2016,1529,73.9333333333333,15,77.7142857142857,14
2015,1529,53.8181818181818,11,57.8888888888889,9
2014,1529,80.7619047619048,21,83.4736842105263,19
2016,153,50.1666666666667,18,50.1666666666667,18
2015,153,38.3333333333333,3,38.3333333333333,3
2014,153,49,20,50.2105263157895,19
2013,153,49.7142857142857,21,49.7142857142857,21
2016,1530,77.2,10,77.2,10
2016,1531,64.3333333333333,18,64.3333333333333,18
2015,1531,63.9375,16,63.9375,16
2014,1531,60.4375,16,62.8,15
2016,1532,61.1333333333333,15,61.1333333333333,15
2015,1532,55.7142857142857,7,74.3333333333333,3
2016,1533,41.8,5,49.5,4
2014,1533,38,2,50,1
2016,1535,75.5555555555556,9,75.5555555555556,9
2015,1535,72.6666666666667,3,72.6666666666667,3
2016,1539,80.4705882352941,17,81.3125,16
2015,1539,89.5555555555556,9,89.5555555555556,9
2014,1539,71.125,16,78.0714285714286,14
2016,154,96.6363636363636,11,98.9,10
2015,154,105.058823529412,17,105.058823529412,17
2014,154,104.222222222222,18,104.222222222222,18
2013,154,104.772727272727,22,104.772727272727,22
2016,1540,110.136363636364,22,110.136363636364,22
2015,1540,105.8,20,105.8,20
2014,1540,77.6875,16,82.1333333333333,15
2016,1542,67.3636363636364,11,67.3636363636364,11
2015,1542,56.5,14,64,12
2014,1542,45.7777777777778,9,49.25,8
2016,1543,79.1428571428571,21,80.8,20
2015,1543,66.2631578947368,19,67.7058823529412,17
2014,1543,67.5,8,75.2857142857143,7
2016,1544,70.4545454545455,11,70.4545454545455,11
2016,1545,66.1,20,66.1,20
2016,1546,70.0555555555556,18,70.0555555555556,18
2015,1546,53.85,20,53.85,20
2014,1546,51.5714285714286,7,51.5714285714286,7
2016,1548,122,21,122,21
2015,1548,102.1,20,102.1,20
2014,1548,36,3,61,1
2016,1549,105.25,20,105.25,20
2015,1549,76.3333333333333,15,91.7,10
2014,1549,72.875,8,82,3
2016,1550,79.8,15,83.6428571428571,14
2015,1550,60.2727272727273,11,74.25,8
2014,1550,46.8571428571429,7,65,4
2016,1551,83,11,83,11
2015,1551,53.375,8,83.3333333333333,3
2016,1552,78.6111111111111,18,78.6111111111111,18
2015,1552,75.4210526315789,19,79.5882352941177,17
2014,1552,80.375,16,80.375,16
2016,1554,77.2105263157895,19,77.2105263157895,19
2015,1554,71,5,75.25,4
2014,1554,29.6666666666667,3,46,1
2016,1556,42.5,4,42.5,4
2015,1556,42,6,42,6
2014,1556,34.5,4,34.5,4
2016,1559,56.8888888888889,18,56.8888888888889,18
2015,1559,46,8,48.3333333333333,6
2014,1559,57.1764705882353,17,57.8125,16
2016,156,68.7142857142857,14,68.7142857142857,14
2015,156,55.3846153846154,13,57.75,12
2014,156,70.2352941176471,17,73.1875,16
2013,156,83.7142857142857,14,92,12
2016,1563,91.2352941176471,17,91.2352941176471,17
2015,1563,86.9,10,86.9,10
2014,1563,56.1428571428571,7,64,5
2016,1564,84,2,84,2
2016,1565,71.9473684210526,19,71.9473684210526,19
2015,1565,47.125,8,54.8,5
2016,1566,71.1764705882353,17,71.1764705882353,17
2015,1566,65.2222222222222,18,86.5454545454545,11
2014,1566,47.1428571428571,7,86,2
2016,157,70.8947368421053,19,70.8947368421053,19
2015,157,88.4285714285714,21,88.4285714285714,21
2014,157,82.2727272727273,22,85.7619047619048,21
2013,157,78.3157894736842,19,78.3157894736842,19
2016,1570,62.85,20,67.7058823529412,17
2016,1571,82.9047619047619,21,82.9047619047619,21
2015,1571,81.5,20,81.5,20
2016,1573,57,2,57,2
2015,1573,44.6666666666667,3,44.6666666666667,3
2016,1574,74,2,74,2
2015,1574,63.1,10,71.375,8
2014,1574,44.6666666666667,3,54.5,2
2016,1575,63.0526315789474,19,63.0526315789474,19
2016,1576,59.4,20,59.3157894736842,19
2015,1576,53.2352941176471,17,56.1875,16
2014,1576,49.5,18,53.75,16
2016,1577,70.2857142857143,7,70.2857142857143,7
2016,1579,63.4285714285714,14,67.3846153846154,13
2015,1579,53,9,60.8571428571429,7
2014,1579,35.5,4,56,1
2015,1581,58.5,10,58.5,10
2016,1582,94.4090909090909,22,94.4090909090909,22
2015,1582,73.5555555555556,18,81.9333333333333,15
2014,1582,71.0555555555556,18,82.0714285714286,14
2015,1583,39.375,8,47.5,6
2014,1583,49.3571428571429,14,67.75,8
2015,1585,54.7777777777778,9,57.25,8
2016,1586,59.8888888888889,18,61.6470588235294,17
2015,1586,74.4444444444444,9,74.4444444444444,9
2016,1587,79.5263157894737,19,81.7777777777778,18
2015,1587,96,22,96,22
2014,1587,79.8333333333333,18,80.3529411764706,17
2016,1588,64.3076923076923,13,64.3076923076923,13
2015,1588,56.9,20,57.7894736842105,19
2016,1589,90.6,5,99.5,4
2015,1589,92.5909090909091,22,92.5909090909091,22
2014,1589,79.2105263157895,19,82.4444444444444,18
2016,1590,54.6153846153846,13,58.1666666666667,12
2015,1590,49.1666666666667,18,50.7647058823529,17
2014,1590,52.0555555555556,18,59.6,15
2016,1591,62,3,62,3
2015,1591,55.5555555555556,9,64.8571428571429,7
2014,1591,39.2857142857143,7,70.5,2
2015,1592,49.6666666666667,3,49.6666666666667,3
2014,1592,37.5,2,37.5,2
2016,1593,70.1363636363636,22,70.1363636363636,22
2015,1593,53.1666666666667,12,80.8,5
2014,1593,65.5,8,77.1666666666667,6
2016,1594,81.0454545454545,22,81.0454545454545,22
2015,1594,64,9,64,9
2014,1594,54.5,2,54.5,2
2015,1595,18.5,2,0,0
2016,1598,76.9,10,76.9,10
2015,1598,40.8,5,43,4
2016,1599,82.3333333333333,21,82.3333333333333,21
2015,1599,74.6666666666667,12,91.6666666666667,9
2014,1599,54.6363636363636,11,64.3333333333333,9
2015,1600,51.5,20,55.5882352941176,17
2016,1601,67.0714285714286,14,71,13
2015,1601,58.4615384615385,13,61.0909090909091,11
2014,1601,75.05,20,77.8947368421053,19
2016,1602,65.3333333333333,12,67.3636363636364,11
2015,1602,47.4,20,49.4210526315789,19
2014,1602,60.2222222222222,9,60.2222222222222,9
2016,1603,126.318181818182,22,126.318181818182,22
2015,1603,95.3529411764706,17,95.3529411764706,17
2014,1603,72.2105263157895,19,85.0714285714286,14
2016,1605,81.8333333333333,6,77.2,5
2015,1605,48,5,51.75,4
2016,1607,57.5,8,53,7
2015,1607,54,13,54,13
2016,1612,60.3333333333333,6,60.3333333333333,6
2015,1612,57.75,12,66.7,10
2014,1612,59,8,71.5,6
2016,1614,73.125,8,73.125,8
2015,1614,70.8,10,82.25,8
2014,1614,33.75,12,38.6666666666667,6
2015,1615,55.25,4,63.3333333333333,3
2016,1616,54.4,5,54.4,5
2015,1616,73.5,20,81.2941176470588,17
2014,1616,44,10,56.6,5
2014,1617,49.75,4,49.75,4
2016,1618,68.9047619047619,21,68.9047619047619,21
2015,1618,63.3333333333333,3,63.3333333333333,3
2016,1619,96.3333333333333,3,96.3333333333333,3
2016,1622,60.2631578947368,19,60.2631578947368,19
2015,1622,75.8181818181818,22,78.1428571428571,21
2014,1622,65.9545454545455,22,68.5714285714286,21
2016,1623,38,2,38,2
2015,1623,39.5,6,45.8,5
2014,1623,45,6,53,5
2016,1626,31,2,57,1
2015,1626,54.8181818181818,11,65.1428571428571,7
2014,1626,90.6666666666667,3,90.6666666666667,3
2016,1634,74.5294117647059,17,74.5294117647059,17
2015,1634,68.3684210526316,19,68.3684210526316,19
2016,1635,55.0909090909091,11,57.9,10
2015,1636,46.1666666666667,6,51.8,5
2016,1637,83.7333333333333,15,88.1,10
2016,1638,54.4285714285714,7,54.4285714285714,7
2015,1638,50,11,56.5555555555556,9
2016,1639,72.3,10,76.375,8
2015,1639,68.4285714285714,21,73.2777777777778,18
2016,1640,71.25,8,71.25,8
2015,1640,65.3333333333333,3,65.3333333333333,3
2016,1643,59.6,5,59.6,5
2016,1645,37,2,37,2
2016,1646,66.6,10,66.25,8
2015,1646,36.0909090909091,11,43.7142857142857,7
2016,1647,58,5,58,5
2015,1647,21,2,32,1
2016,1648,65.5454545454545,11,65.5454545454545,11
2016,165,83.6363636363636,22,83.6363636363636,22
2015,165,89.8571428571429,14,89.8571428571429,14
2014,165,94.4736842105263,19,94.4736842105263,19
2013,165,105.727272727273,22,105.727272727273,22
2016,1650,50.25,4,50.25,4
2015,1650,33.6,10,40.8333333333333,6
2016,1651,81.35,20,81.35,20
2015,1651,56.4444444444444,9,64.8333333333333,6
2016,1653,43.4285714285714,7,43.4285714285714,7
2015,1653,51.1,10,59.25,8
2016,1654,79.1,20,79.1,20
2015,1654,66.25,16,74.3333333333333,12
2016,1658,64.5,4,64.5,4
2016,1659,55,14,53.6923076923077,13
2015,1659,42.6666666666667,12,57.4285714285714,7
2016,1661,69.0909090909091,11,69.0909090909091,11
2015,1661,36.5,6,46.5,4
2016,1662,43,2,43,2
2015,1662,44.4,5,57,3
2016,1669,69.375,8,69.375,8
2015,1669,34.4444444444444,9,42.4,5
2015,1671,56.125,8,59.1428571428571,7
2016,1672,32.5,2,32.5,2
2016,1675,58.5555555555556,9,59.375,8
2015,1675,55.6,20,57,19
2016,1677,48,9,48,9
2016,1680,80.85,20,80.85,20
2015,1680,73.5833333333333,12,86,9
2016,1682,48.8333333333333,6,52.5,4
2016,1683,73.2,10,73.2,10
2015,1683,66.5,4,91.5,2
2016,1684,78.6,5,78.6,5
2016,1687,64.2666666666667,15,67.5,14
2015,1687,67.4166666666667,12,72.7,10
2016,1688,63.8461538461538,13,63.8461538461538,13
2015,1688,59.5,2,59.5,2
2016,1689,75.6470588235294,17,75.6470588235294,17
2015,1689,40,8,66.5,4
2016,1691,64,9,66.125,8
2015,1691,64.3333333333333,9,65.375,8
2016,1692,75,22,75,22
2015,1692,68.25,12,68.25,12
2016,1693,48,3,48,3
2016,1694,53.7,10,53.7,10
2015,1694,56.8823529411765,17,60.1875,16
2016,1697,55.5,2,88,1
2015,1697,44.2,5,52.6666666666667,3
2016,1698,73.8,20,73.8,20
2015,1698,62.3333333333333,9,62.3333333333333,9
2016,1699,46.2727272727273,11,55.7142857142857,7
2015,1699,46.3333333333333,6,51.8,5
2016,1700,76.4666666666667,15,76.4666666666667,15
2015,1700,45,2,45,2
2016,1701,63.9047619047619,21,63.9047619047619,21
2015,1702,51.6666666666667,3,51.6666666666667,3
2016,1704,58.8333333333333,12,58.8333333333333,12
2015,1704,55,2,79,1
2016,1706,61.1111111111111,9,61.1111111111111,9
2015,1706,49,7,57,6
2016,1709,83.25,12,87.1818181818182,11
2015,1709,73.75,4,91.3333333333333,3
2016,171,85,4,85,4
2015,171,80.8636363636364,22,80.8636363636364,22
2014,171,84.4090909090909,22,84.4090909090909,22
2013,171,85.8888888888889,18,85.8888888888889,18
2016,1711,59.7142857142857,14,59.7142857142857,14
2015,1711,33,5,61,1
2016,1713,82.7222222222222,18,82.7222222222222,18
2015,1713,73.7272727272727,22,73.7272727272727,22
2016,1715,61.7058823529412,17,63.5333333333333,15
2015,1715,57.2222222222222,9,57.2222222222222,9
2016,1716,52.75,4,52.75,4
2015,1716,43.4545454545455,11,54,7
2016,1717,52.875,8,52.875,8
2015,1717,48.9090909090909,11,54,9
2016,1720,77,2,77,2
2016,1721,54.6666666666667,3,54.6666666666667,3
2016,1723,76.5882352941177,17,76.5882352941177,17
2016,1725,53.6666666666667,3,85,1
2016,1729,72,5,72,5
2016,1731,69,10,73.4444444444444,9
2015,1731,77.625,16,77.625,16
2016,1732,65.125,16,65.125,16
2016,1733,59,9,59,9
2015,1733,54.9444444444444,18,68.5833333333333,12
2015,1734,22,7,29.75,4
2016,1737,75.3,10,75.3,10
2015,1737,73,7,86.6,5
2016,1738,76,16,76,16
2015,1738,49.1818181818182,11,51.9,10
2016,1739,62.4285714285714,14,62.4285714285714,14
2015,1739,74.2857142857143,14,81.3333333333333,12
2016,1746,54,5,54,5
2015,1746,52.9,10,56,9
2016,1747,67.3181818181818,22,67.3181818181818,22
2015,1747,41.3333333333333,3,65,1
2016,1748,59.5,2,59.5,2
2016,1751,82.0588235294118,17,82.0588235294118,17
2015,1751,44,3,44,3
2016,1752,86.5454545454545,11,86.5454545454545,11
2016,1753,65.25,16,67.8666666666667,15
2016,1758,63,2,63,2
2016,1759,60,3,69.5,2
2016,1762,58,6,58,6
2016,1763,55.5,2,55.5,2
2016,1765,80.5833333333333,12,80.5833333333333,12
2016,1768,46.7,10,46.7,10
2016,1769,56,3,56,3
2016,1770,49.8333333333333,6,52.4,5
2016,1774,83.3846153846154,13,83.3846153846154,13
2016,1776,113,2,113,2
2016,1778,66.3333333333333,3,66.3333333333333,3
2016,1786,63,18,64.0588235294118,17
2016,1788,70.4736842105263,19,70.4736842105263,19
2016,1792,61.25,4,61.25,4
2016,1793,53.5,10,53.5,10
2016,1794,74.25,8,73.5,6
2016,1799,48.5454545454545,11,50.9,10
2016,1801,55.3125,16,55.3125,16
2016,1802,46.3333333333333,3,36,2
2016,1809,51.5,2,51.5,2
2016,181,76.6842105263158,19,76.6842105263158,19
2015,181,84.8,15,87.7142857142857,14
2014,181,80.0909090909091,22,80.8095238095238,21
2013,181,73.8421052631579,19,73.2222222222222,18
2016,1811,50.5,4,54,3
2016,1812,79,2,79,2
2016,1813,72.25,8,72.25,8
2016,1814,88.2727272727273,11,88.2727272727273,11
2016,1815,73.6190476190476,21,73.6190476190476,21
2016,1818,57,8,61,7
2016,1819,83.95,20,83.95,20
2016,1820,41.5,2,41.5,2
2016,1829,80,13,79.6666666666667,12
2016,1830,64.25,16,64.25,16
2016,1831,81.75,20,81.75,20
2016,1834,74,6,81,5
2016,1835,42.6666666666667,3,42.6666666666667,3
2016,1837,54.6111111111111,18,54.6111111111111,18
2016,1838,72.7058823529412,17,72.7058823529412,17
2016,1839,52.4117647058824,17,52.4117647058824,17
2016,184,54.5,2,54.5,2
2015,184,67.1666666666667,12,67.2727272727273,11
2014,184,71.1764705882353,17,89.0909090909091,11
2013,184,29.5,2,0,0
2016,1840,65.75,4,65.75,4
2016,1842,52.625,8,52.625,8
2016,1845,83.5555555555556,18,83.5555555555556,18
2016,1848,78.3333333333333,3,89.5,2
2016,1850,70.8333333333333,12,72.6,10
2016,1852,36.75,4,36.75,4
2016,1853,76,14,76,14
2016,1855,38.6666666666667,3,38.6666666666667,3
2016,1856,69.75,20,71.9473684210526,19
2016,1858,54.3333333333333,3,54.3333333333333,3
2016,1859,52.1666666666667,6,52.1666666666667,6
2016,186,100.238095238095,21,100.238095238095,21
2015,186,101.714285714286,21,101.714285714286,21
2014,186,90.7,20,92.9473684210526,19
2013,186,98.9523809523809,21,98.9523809523809,21
2016,1860,41.3333333333333,3,41.3333333333333,3
2016,1861,94.6,5,94.6,5
2016,1863,58.1666666666667,6,58.1666666666667,6
2016,188,70.5384615384615,13,70.5384615384615,13
2015,188,77,22,78.3809523809524,21
2014,188,85.7647058823529,17,89.125,16
2013,188,69.9411764705882,17,73.6,15
2016,196,60.5714285714286,21,60.5714285714286,21
2015,196,67.45,20,67.45,20
2014,196,81.2352941176471,17,81.2352941176471,17
2013,196,75,17,75,17
2016,197,77.8333333333333,12,81.5454545454545,11
2015,197,81.2222222222222,18,81.2222222222222,18
2014,197,96.7142857142857,7,96.7142857142857,7
2013,197,81.6666666666667,9,81.6666666666667,9
2016,207,97.9090909090909,22,97.9090909090909,22
2015,207,82.2941176470588,17,84.125,16
2014,207,99,19,102.277777777778,18
2013,207,87.4736842105263,19,87.4736842105263,19
2016,209,77.8,20,77.8,20
2015,209,64.9285714285714,14,74.0833333333333,12
2014,209,82.1904761904762,21,82.1904761904762,21
2013,209,76.4705882352941,17,76.1875,16
2016,214,60.1666666666667,6,60.1666666666667,6
2015,214,73.45,20,73.45,20
2014,214,70.8571428571429,14,72.6153846153846,13
2013,214,87.0476190476191,21,87.0476190476191,21
2016,217,69.0476190476191,21,69.0476190476191,21
2015,217,80.8,20,80.8,20
2014,217,69.4285714285714,7,76.1666666666667,6
2013,217,80.0952380952381,21,80.0952380952381,21
2016,220,110.454545454545,22,110.454545454545,22
2015,220,84.7,10,90.1111111111111,9
2014,220,113.636363636364,22,113.636363636364,22
2013,220,99.1578947368421,19,101.166666666667,18
2016,221,105.952380952381,21,105.952380952381,21
2015,221,104.142857142857,21,104.142857142857,21
2014,221,105.785714285714,14,105.785714285714,14
2013,221,90.6666666666667,21,90.6666666666667,21
2016,224,72.0909090909091,22,72.0909090909091,22
2015,224,84.0909090909091,11,84.0909090909091,11
2014,224,54.1666666666667,6,64.8,5
2013,224,85.8888888888889,9,92.75,8
2016,225,75.6666666666667,3,92.5,2
2015,225,99.3333333333333,3,99.3333333333333,3
2014,225,70,9,70,9
2013,225,80.0909090909091,22,80.0909090909091,22
2016,230,109.05,20,113.684210526316,19
2015,230,108.590909090909,22,108.590909090909,22
2014,230,107.578947368421,19,112.944444444444,18
2013,230,114.681818181818,22,114.681818181818,22
2016,232,72.75,4,72.75,4
2015,232,70.1538461538462,13,70.1538461538462,13
2014,232,69.55,20,69.55,20
2013,232,71.6666666666667,12,73.1818181818182,11
2016,233,115.190476190476,21,115.190476190476,21
2015,233,132.52380952381,21,132.52380952381,21
2014,233,103.095238095238,21,103.095238095238,21
2013,233,104.545454545455,22,104.545454545455,22
2016,241,113.263157894737,19,113.263157894737,19
2015,241,117.952380952381,21,119.3,20
2014,241,110.954545454545,22,110.954545454545,22
2013,241,81.8333333333333,18,91.4666666666667,15
2016,244,95.4615384615385,13,95.4615384615385,13
2015,244,91.1904761904762,21,96.4736842105263,19
2014,244,98.0526315789474,19,101.444444444444,18
2013,244,122.4,20,125.842105263158,19
2016,245,74.6153846153846,13,74.8333333333333,12
2015,245,63.8571428571429,7,63.8571428571429,7
2013,245,85.5714285714286,7,97.5,6
2016,246,101.5,20,101.5,20
2015,246,96.2727272727273,22,96.2727272727273,22
2014,246,78.7857142857143,14,78.7857142857143,14
2013,246,90.3636363636364,22,93.5714285714286,21
2016,251,78.4090909090909,22,78.4090909090909,22
2015,251,83.5714285714286,21,83.5714285714286,21
2014,251,79.8636363636364,22,79.8636363636364,22
2013,251,72.8181818181818,22,72.8181818181818,22
2016,254,81,15,84.8571428571429,14
2015,254,82.7272727272727,11,82.7272727272727,11
2014,254,78.7058823529412,17,78.7058823529412,17
2013,254,68.3846153846154,13,77.4545454545455,11
2016,26,98.5,20,98.5,20
2015,26,93.8181818181818,11,103.6,10
2014,26,104.857142857143,21,104.857142857143,21
2013,26,109.190476190476,21,109.190476190476,21
2016,263,74.4,20,78.4210526315789,19
2015,263,62,4,72,3
2014,263,68.1818181818182,11,73.7777777777778,9
2013,263,66.6666666666667,6,66.6666666666667,6
2016,265,70.25,4,70.25,4
2015,265,70.5384615384615,13,73.8333333333333,12
2014,265,86.7777777777778,18,90.9375,16
2013,265,81.25,20,85.4736842105263,19
2016,266,77.7142857142857,21,77.7142857142857,21
2015,266,79.6,15,80.9285714285714,14
2014,266,83,22,83,22
2013,266,86.9523809523809,21,86.9523809523809,21
2016,277,90.5454545454545,22,90.5454545454545,22
2015,277,87.4090909090909,22,91.8,20
2014,277,104.6,20,104.6,20
2013,277,99.5,16,99.5,16
2016,279,81.3333333333333,21,81.3333333333333,21
2015,279,76.3684210526316,19,76.3684210526316,19
2014,279,85.4545454545455,22,85.4545454545455,22
2013,279,65.6,20,65.6,20
2016,288,81.25,8,81.25,8
2015,288,89.3809523809524,21,89.3809523809524,21
2014,288,80.35,20,80.35,20
2013,288,69,3,69,3
2016,289,64.9047619047619,21,64.9047619047619,21
2015,289,71.1052631578947,19,71.1052631578947,19
2014,289,61.7777777777778,9,68.625,8
2013,289,66,20,66,20
2015,294,88,5,88,5
2014,294,72.9047619047619,21,73.7,20
2013,294,79.8235294117647,17,81.875,16
2016,295,91.3076923076923,13,91.3076923076923,13
2015,295,119.294117647059,17,119.294117647059,17
2014,295,102.578947368421,19,104.944444444444,18
2013,295,100.25,20,102.789473684211,19
2016,3,119.071428571429,14,119.071428571429,14
2015,3,120.666666666667,6,139.2,5
2014,3,144.533333333333,15,149.785714285714,14
2013,3,129.333333333333,21,129.333333333333,21
2016,300,99.1666666666667,12,99.1666666666667,12
2015,300,98.5,22,98.5,22
2014,300,86.7272727272727,22,86.7272727272727,22
2013,300,97.95,20,97.95,20
2016,314,81.5,22,81.5,22
2015,314,71.7727272727273,22,71.7727272727273,22
2014,314,88.1666666666667,18,93,17
2013,314,81.4166666666667,12,87.8181818181818,11
2016,317,76.5625,16,76.5625,16
2015,317,84.8636363636364,22,84.8636363636364,22
2014,317,67.7,10,81.1428571428571,7
2013,317,104.461538461538,13,104.461538461538,13
2016,319,95.5238095238095,21,95.5238095238095,21
2015,319,103.318181818182,22,106.619047619048,21
2014,319,106.666666666667,21,106.666666666667,21
2013,319,109.636363636364,22,109.636363636364,22
2016,323,95.95,20,99.9473684210526,19
2015,323,106.52380952381,21,106.52380952381,21
2014,323,107.409090909091,22,107.409090909091,22
2013,323,83.5,22,85.9523809523809,21
2016,324,58.8,5,65.25,4
2015,324,79,5,79,5
2014,324,81.8823529411765,17,81.8823529411765,17
2013,324,83.3333333333333,9,83.3333333333333,9
2016,325,45.6,5,45.6,5
2015,325,52.7857142857143,14,59.9166666666667,12
2014,325,68.65,20,68.65,20
2013,325,69.2727272727273,22,69.2727272727273,22
2016,334,84.1428571428571,21,84.1428571428571,21
2015,334,85.8,20,87.2105263157895,19
2014,334,110.588235294118,17,110.588235294118,17
2013,334,126.0625,16,126.0625,16
2016,336,83.5,4,83.5,4
2015,336,84.6923076923077,13,91.5833333333333,12
2014,336,92.4444444444444,18,94.3529411764706,17
2013,336,98.0476190476191,21,98.0476190476191,21
2016,345,102.363636363636,22,102.363636363636,22
2015,345,92.4090909090909,22,96.7142857142857,21
2014,345,118.227272727273,22,118.227272727273,22
2013,345,92.8181818181818,22,92.8181818181818,22
2016,350,110.5,20,110.5,20
2015,350,84.4705882352941,17,93.1538461538462,13
2014,350,92.4761904761905,21,92.4761904761905,21
2013,350,98.0588235294118,17,98.0588235294118,17
2016,351,99.5909090909091,22,99.5909090909091,22
2015,351,91.2272727272727,22,91.2272727272727,22
2014,351,84.1,20,84.1,20
2013,351,95.1904761904762,21,95.1904761904762,21
2016,352,124,21,124,21
2015,352,119.5,22,119.5,22
2014,352,117.45,20,122.736842105263,19
2013,352,107.454545454545,22,107.454545454545,22
2016,365,72.1333333333333,15,72.1333333333333,15
2015,365,68.0714285714286,14,78.3636363636364,11
2016,372,82.3636363636364,22,82.3636363636364,22
2015,372,86.0952380952381,21,86.0952380952381,21
2014,372,96.5333333333333,15,102.142857142857,14
2013,372,86.4,15,86.4,15
2016,375,78.85,20,78.85,20
2015,375,63.7857142857143,14,67.6923076923077,13
2014,375,62.4,5,77.75,4
2013,375,99.55,20,99.55,20
2016,376,112.590909090909,22,112.590909090909,22
2015,376,115.368421052632,19,115.368421052632,19
2014,376,121.761904761905,21,121.761904761905,21
2013,376,103.095238095238,21,103.095238095238,21
2016,384,60.95,20,64.1578947368421,19
2015,384,72.8947368421053,19,72.8947368421053,19
2014,384,60.9047619047619,21,63.1,20
2013,384,52.3636363636364,22,52.3636363636364,22
2016,39,91.7272727272727,22,91.7272727272727,22
2015,39,81.1904761904762,21,81.1904761904762,21
2014,39,76.5,22,76.5,22
2013,39,69.6875,16,76,13
2016,395,41.75,4,41.75,4
2014,395,61.2380952380952,21,63.6,20
2013,395,66.7142857142857,21,66.7142857142857,21
2016,397,78,17,80.625,16
2015,397,65.2777777777778,18,68.5,16
2014,397,85.0526315789474,19,90.7058823529412,17
2013,397,71.1052631578947,19,79.3125,16
2016,398,72,13,72,13
2014,398,90.7727272727273,22,90.7727272727273,22
2013,398,74.7,20,77.1578947368421,19
2016,399,77.85,20,77.85,20
2015,399,95.4666666666667,15,98.3571428571429,14
2014,399,92,20,92,20
2013,399,91.3636363636364,22,94.6666666666667,21
2016,402,77.1111111111111,18,77.1111111111111,18
2015,402,75.375,16,77,15
2014,402,101.318181818182,22,101.318181818182,22
2013,402,95.5,22,95.5,22
2016,403,56,3,56,3
2015,403,100.714285714286,21,100.714285714286,21
2014,403,105.615384615385,13,105.615384615385,13
2013,403,87.8421052631579,19,87.8421052631579,19
2016,414,75.3571428571429,14,75.3571428571429,14
2015,414,90.7142857142857,7,97,6
2014,414,113.5,16,113.5,16
2013,414,78.0526315789474,19,82.3529411764706,17
2016,42,87.4545454545455,22,87.4545454545455,22
2015,42,88.5555555555556,18,88.5555555555556,18
2014,42,90.6363636363636,22,90.6363636363636,22
2013,42,92.2142857142857,14,96.2307692307692,13
2016,432,93.2777777777778,18,93.2777777777778,18
2015,432,104.15,20,104.15,20
2014,432,104,22,104,22
2013,432,109.090909090909,22,109.090909090909,22
2016,436,55.3684210526316,19,55.3684210526316,19
2015,436,59.8,10,59.8,10
2014,436,51.1052631578947,19,51.1052631578947,19
2013,436,72.5882352941177,17,73.5,16
2016,443,58,2,58,2
2015,443,79.5555555555556,9,91,7
2014,443,92.4761904761905,21,92.4761904761905,21
2013,443,105.272727272727,22,105.272727272727,22
2016,445,109,20,109,20
2015,445,113.95,20,113.95,20
2014,445,102.076923076923,13,109.75,12
2013,445,105.47619047619,21,105.47619047619,21
2015,447,68,19,74.3529411764706,17
2014,447,65.5714285714286,14,68.75,12
2013,447,90.2727272727273,22,90.2727272727273,22
2016,448,101.636363636364,22,101.636363636364,22
2015,448,114.882352941176,17,114.882352941176,17
2014,448,97.75,20,97.75,20
2013,448,117.809523809524,21,117.809523809524,21
2016,455,77.1578947368421,19,78.9444444444444,18
2015,455,68.8461538461538,13,71.6666666666667,12
2014,455,69.7,20,71.7894736842105,19
2013,455,70.3636363636364,22,70.3636363636364,22
2016,461,100.444444444444,18,102.882352941176,17
2015,461,124.714285714286,21,124.714285714286,21
2014,461,105.272727272727,22,107.904761904762,21
2013,461,108.631578947368,19,108.631578947368,19
2016,462,107.333333333333,3,107.333333333333,3
2015,462,86.8,20,86.8,20
2014,462,86.1818181818182,22,86.1818181818182,22
2013,462,94.8421052631579,19,94.8421052631579,19
2016,463,82.7,10,97.625,8
2015,463,110.105263157895,19,112.388888888889,18
2014,463,112.7,20,117.578947368421,19
2013,463,98.9047619047619,21,102.45,20
2016,479,62.2,5,62.2,5
2015,479,62.4210526315789,19,65.4444444444444,18
2014,479,79.1904761904762,21,79.1904761904762,21
2013,479,94.7777777777778,18,94.7777777777778,18
2016,493,56.8,20,56.8,20
2015,493,61.4375,16,61.4375,16
2014,493,76.7619047619048,21,76.7619047619048,21
2013,493,82.5909090909091,22,82.5909090909091,22
2016,495,78.2222222222222,18,78.2222222222222,18
2015,495,73.5,20,75.2105263157895,19
2014,495,84.55,20,88.7368421052632,19
2013,495,79.5555555555556,9,79.5555555555556,9
2016,497,82.1363636363636,22,82.1363636363636,22
2015,497,78.7619047619048,21,78.7619047619048,21
2014,497,80.8181818181818,22,82.7142857142857,21
2013,497,81.0909090909091,22,81.0909090909091,22
2016,498,126.454545454545,22,128.619047619048,21
2015,498,126.409090909091,22,126.409090909091,22
2014,498,130.857142857143,21,130.857142857143,21
2013,498,134.272727272727,22,134.272727272727,22
2016,50,96.3636363636364,22,96.3636363636364,22
2015,50,104.318181818182,22,104.318181818182,22
2014,50,108.095238095238,21,108.095238095238,21
2013,50,108.47619047619,21,108.47619047619,21
2016,501,67.4090909090909,22,67.4090909090909,22
2015,501,87.2380952380952,21,87.2380952380952,21
2014,501,82.1363636363636,22,82.1363636363636,22
2013,501,105.636363636364,22,105.636363636364,22
2016,517,119.571428571429,21,119.571428571429,21
2015,517,115.545454545455,22,115.545454545455,22
2014,517,123.045454545455,22,123.045454545455,22
2013,517,110.428571428571,21,115.75,20
2016,524,45.25,4,72,2
2015,524,71.875,8,78,7
2014,524,89.8571428571429,21,89.8571428571429,21
2013,524,83.7894736842105,19,83.7894736842105,19
2016,526,88.5882352941177,17,88.5882352941177,17
2015,526,73.2,5,73.2,5
2014,526,35.25,4,46.6666666666667,3
2013,526,84.2857142857143,21,84.2857142857143,21
2016,533,54.75,8,59.7142857142857,7
2015,533,65.3,20,67.2105263157895,19
2014,533,75.8181818181818,22,75.8181818181818,22
2013,533,75.8181818181818,22,75.8181818181818,22
2016,535,115.52380952381,21,116.65,20
2015,535,96.2352941176471,17,100.875,16
2014,535,98.4090909090909,22,98.4090909090909,22
2013,535,108.047619047619,21,108.047619047619,21
2016,536,86.1818181818182,22,86.1818181818182,22
2015,536,85.2727272727273,22,85.2727272727273,22
2014,536,81.3636363636364,22,81.3636363636364,22
2013,536,80.5714285714286,21,80.5714285714286,21
2016,538,86,12,93.8181818181818,11
2015,538,101.285714285714,21,101.285714285714,21
2014,538,79.9047619047619,21,83.05,20
2013,538,82.0909090909091,11,82.8,10
2016,548,75.8666666666667,15,86.3076923076923,13
2015,548,81.9285714285714,14,86,13
2014,548,94.7857142857143,14,94.7857142857143,14
2013,548,74.3636363636364,11,77.7,10
2015,549,100.6,20,100.6,20
2014,549,99.2,20,99.2,20
2013,549,99.1363636363636,22,99.1363636363636,22
2015,555,90.4444444444444,18,90.4444444444444,18
2014,555,109.2,20,112.526315789474,19
2013,555,92.7058823529412,17,92.7058823529412,17
2016,559,64.8,5,85.6666666666667,3
2015,559,103.904761904762,21,103.904761904762,21
2014,559,101.52380952381,21,101.52380952381,21
2013,559,57.5714285714286,7,67,5
2016,566,54.7619047619048,21,54.7619047619048,21
2015,566,68.0555555555556,18,68.8235294117647,17
2014,566,64.9411764705882,17,66.875,16
2013,566,68.5625,16,68.5625,16
2016,567,56,7,56,7
2015,567,71.85,20,71.85,20
2014,567,85.7727272727273,22,85.7727272727273,22
2013,567,84.7272727272727,22,84.7272727272727,22
2016,575,118.772727272727,22,118.772727272727,22
2015,575,118.15,20,118.15,20
2014,575,132.545454545455,22,132.545454545455,22
2013,575,129.590909090909,22,131.47619047619,21
2016,578,115.090909090909,22,115.090909090909,22
2015,578,113.454545454545,22,113.454545454545,22
2014,578,91.6666666666667,18,95.7058823529412,17
2013,578,93.0526315789474,19,93.0526315789474,19
2016,585,64,4,75.3333333333333,3
2014,585,66.8125,16,82.3333333333333,9
2013,585,70.2307692307692,13,86.8333333333333,6
2016,587,111.090909090909,22,111.090909090909,22
2015,587,94.8,20,94.8,20
2014,587,102.863636363636,22,102.863636363636,22
2013,587,100.090909090909,22,100.090909090909,22
2016,594,70.6666666666667,21,70.6666666666667,21
2015,594,79.9,20,79.9473684210526,19
2014,594,78.65,20,78.65,20
2013,594,71.2380952380952,21,71.2380952380952,21
2015,597,57,4,60.6666666666667,3
2014,597,80,12,83.1818181818182,11
2013,597,81.6666666666667,3,81.6666666666667,3
2016,6,57.1428571428571,7,57.1428571428571,7
2015,6,69,21,70.1,20
2014,6,85.0454545454545,22,85.0454545454545,22
2013,6,99.5454545454545,22,99.5454545454545,22
2016,60,112.65,20,112.65,20
2015,60,116,18,116,18
2014,60,102,19,102,19
2013,60,110.615384615385,13,110.615384615385,13
2015,601,58.25,8,69.6666666666667,6
2014,601,72.3636363636364,22,72.3636363636364,22
2013,601,91.3888888888889,18,91.3888888888889,18
2015,602,110.136363636364,22,110.136363636364,22
2014,602,103.227272727273,22,103.227272727273,22
2013,602,108.095238095238,21,111.25,20
2016,606,57.7857142857143,14,57.7857142857143,14
2015,606,52.1666666666667,6,52.1666666666667,6
2014,606,56.5,4,65,3
2013,606,49.25,12,72,7
2016,608,81.4545454545455,11,81.4545454545455,11
2015,608,74.2857142857143,14,90.9,10
2014,608,95.6111111111111,18,101.411764705882,17
2013,608,101.904761904762,21,103.6,20
2016,610,83.2,15,87.7142857142857,14
2015,610,80.1904761904762,21,83.2105263157895,19
2014,610,82.9047619047619,21,88.3684210526316,19
2016,612,94.7142857142857,21,98.4,20
2015,612,104.578947368421,19,106.166666666667,18
2014,612,108.4,15,108.4,15
2013,612,111.705882352941,17,113.625,16
2015,613,116.142857142857,21,118.25,20
2014,613,95.4117647058823,17,99.8125,16
2013,613,120.590909090909,22,120.590909090909,22
2016,622,80.1111111111111,18,81.1176470588235,17
2015,622,61.2,5,74.25,4
2014,622,79.55,20,82.5263157894737,19
2013,622,81.6,5,95.5,4
2016,624,63.6190476190476,21,63.6190476190476,21
2015,624,63.3888888888889,18,65.1764705882353,17
2014,624,66.3,20,66.3,20
2013,624,70.3,20,72.7894736842105,19
2016,625,100.05,20,100.05,20
2015,625,109.421052631579,19,109.421052631579,19
2014,625,103.368421052632,19,109.470588235294,17
2013,625,102.045454545455,22,102.045454545455,22
2016,639,92.2142857142857,14,96.3076923076923,13
2015,639,92.75,20,92.75,20
2014,639,74.7272727272727,11,74.7272727272727,11
2013,639,91.9,10,91.9,10
2016,642,53.625,8,60.4285714285714,7
2015,642,60.7,20,65.4444444444444,18
2014,642,60.2941176470588,17,60.2941176470588,17
2013,642,65.4,5,65.4,5
2016,652,56,3,56,3
2015,652,72.6666666666667,18,72.6666666666667,18
2013,652,69.5263157894737,19,70.3333333333333,18
2016,655,67.2352941176471,17,70.9333333333333,15
2015,655,77.0454545454545,22,77.0454545454545,22
2014,655,67.9523809523809,21,67.9523809523809,21
2013,655,58.9090909090909,11,63.5,10
2016,656,97.9523809523809,21,97.9523809523809,21
2015,656,100.47619047619,21,102.3,20
2014,656,101.227272727273,22,101.227272727273,22
2013,656,87.6666666666667,21,89.15,20
2016,659,91,14,92.6153846153846,13
2015,659,77.4,20,77.4,20
2014,659,87.9375,16,87.9375,16
2013,659,77.3333333333333,12,84.6363636363636,11
2016,662,55.2727272727273,11,55.2727272727273,11
2015,662,62.75,12,67.6363636363636,11
2014,662,90.9285714285714,14,90.9285714285714,14
2013,662,103.285714285714,21,103.285714285714,21
2015,671,95.5,12,95.5,12
2014,671,118.357142857143,14,118.357142857143,14
2013,671,109.315789473684,19,114.055555555556,18
2016,676,66.2222222222222,18,66.2222222222222,18
2015,676,80.3333333333333,21,80.3333333333333,21
2014,676,73.3846153846154,13,76.3333333333333,12
2013,676,78,10,86.3333333333333,9
2016,677,100.666666666667,18,103.529411764706,17
2015,677,45,2,45,1
2014,677,77.7142857142857,7,77.7142857142857,7
2013,677,94.2727272727273,22,97.9523809523809,21
2016,681,53.75,4,53.75,4
2015,681,33.5,2,52,1
2014,681,80.2,10,87.1111111111111,9
2013,681,63.3846153846154,13,66.6666666666667,12
2016,683,91.2727272727273,22,91.2727272727273,22
2015,683,98.8636363636364,22,98.8636363636364,22
2014,683,96.5909090909091,22,96.5909090909091,22
2013,683,98.2857142857143,21,98.2857142857143,21
2015,688,62.2777777777778,18,67.6666666666667,15
2014,688,80.3684210526316,19,81.3888888888889,18
2013,688,59.25,16,78,9
2016,689,79,16,79,16
2015,689,71.3333333333333,18,71.3333333333333,18
2014,689,60.9444444444444,18,60.9444444444444,18
2013,689,71.9166666666667,12,71.6363636363636,11
2015,703,66.3888888888889,18,69.2941176470588,17
2014,703,84.1666666666667,6,84.1666666666667,6
2016,708,68.0666666666667,15,68.0666666666667,15
2015,708,60.1666666666667,12,60.1666666666667,12
2014,708,38.75,8,50.25,4
2013,708,58.7727272727273,22,58.7727272727273,22
2015,715,68,10,72.8888888888889,9
2014,715,55.8571428571429,7,59.3333333333333,6
2013,715,86.1111111111111,18,89.4705882352941,17
2016,716,92.5,18,94.1176470588235,17
2015,716,72,6,82.4,5
2014,716,91.1666666666667,18,94.4705882352941,17
2013,716,74.9,20,83.4117647058823,17
2016,723,70.9545454545455,22,70.9545454545455,22
2015,723,83.3,10,83.3,10
2014,723,78.2222222222222,9,78.2222222222222,9
2013,723,58,4,72,3
2016,729,110.55,20,110.55,20
2015,729,102.380952380952,21,102.380952380952,21
2014,729,111.318181818182,22,111.318181818182,22
2013,729,104.714285714286,21,106.95,20
2016,730,112.666666666667,21,112.666666666667,21
2015,730,86.5909090909091,22,86.5909090909091,22
2014,730,91.5333333333333,15,91.5333333333333,15
2013,730,78.2631578947368,19,78.2631578947368,19
2016,732,135.181818181818,22,135.181818181818,22
2015,732,125.52380952381,21,125.52380952381,21
2014,732,110.590909090909,22,110.590909090909,22
2013,732,117.1,20,117.1,20
2016,734,64.9473684210526,19,66.8888888888889,18
2016,738,85.5714285714286,21,89.2,20
2015,738,105.863636363636,22,105.863636363636,22
2014,738,102.590909090909,22,102.590909090909,22
2013,738,104.772727272727,22,104.772727272727,22
2016,743,60.1538461538462,13,60.1538461538462,13
2015,743,64.3888888888889,18,70.6666666666667,15
2014,743,54.25,4,61,3
2013,743,76.5,8,76.5,8
2016,744,81.7142857142857,21,81.7142857142857,21
2015,744,87.25,8,96,7
2014,744,106.421052631579,19,109.222222222222,18
2013,744,95.5,6,95.5,6
2016,746,59.5,2,59.5,2
2014,746,82.6363636363636,11,82.6363636363636,11
2013,746,80.6470588235294,17,80.6470588235294,17
2016,747,114,2,114,2
2015,747,86.8333333333333,12,86.4,10
2014,747,80.1666666666667,18,82.4117647058823,17
2013,747,87.2,15,92.6428571428571,14
2016,748,86.2272727272727,22,86.2272727272727,22
2015,748,89.2727272727273,11,98.7777777777778,9
2014,748,104.45,20,107.894736842105,19
2013,748,88.8,20,90.8421052631579,19
2016,75,64.75,16,64.2666666666667,15
2015,75,60.0476190476191,21,60.0476190476191,21
2014,75,26.3333333333333,3,39,2
2013,75,56.9523809523809,21,59.5789473684211,19
2016,751,85.3888888888889,18,86.1764705882353,17
2015,751,67.0625,16,71.6666666666667,15
2014,751,75.8235294117647,17,75.8235294117647,17
2013,751,83.0909090909091,22,83.0909090909091,22
2015,754,96.4090909090909,22,96.4090909090909,22
2014,754,93.7727272727273,22,94.6190476190476,21
2013,754,92.8181818181818,22,92.8181818181818,22
2016,759,81.2380952380952,21,84.6,20
2015,759,95,13,95,13
2013,759,100.375,16,105.066666666667,15
2016,76,53,3,59,2
2014,76,49.9473684210526,19,51.4444444444444,18
2013,76,48.1578947368421,19,49.7647058823529,17
2016,760,62.5384615384615,13,67.25,12
2015,760,66.6666666666667,21,67.95,20
2014,760,59.4736842105263,19,61.7222222222222,18
2016,761,78,8,78,8
2015,761,88.8235294117647,17,95.2,15
2014,761,100.380952380952,21,100.380952380952,21
2013,761,86.7368421052632,19,86.7368421052632,19
2016,765,102.2,20,103.684210526316,19
2015,765,122.7,20,122.7,20
2014,765,118.916666666667,12,118.916666666667,12
2013,765,52.4,5,48.25,4
2016,766,73.8,20,73.8,20
2015,766,88.65,20,92.3157894736842,19
2014,766,90.0952380952381,21,90.0952380952381,21
2013,766,104.736842105263,19,109.222222222222,18
2016,767,81.8636363636364,22,81.8636363636364,22
2015,767,89.35,20,89.35,20
2014,767,75.7619047619048,21,75.7619047619048,21
2013,767,97.0952380952381,21,97.0952380952381,21
2016,769,80,21,79.75,20
2015,769,94.0666666666667,15,97.6428571428571,14
2014,769,96.6666666666667,12,105.7,10
2013,769,91.0454545454545,22,96.75,20
2016,770,62.6666666666667,3,62.6666666666667,3
2015,770,44.375,8,45,6
2014,770,61.1,10,66,9
2013,770,62,7,62,7
2016,780,101.809523809524,21,101.809523809524,21
2015,780,108.181818181818,11,108.181818181818,11
2014,780,106.823529411765,17,106.823529411765,17
2013,780,95.6315789473684,19,95.6315789473684,19
2015,782,42.5,2,0,0
2014,782,92,17,95.1875,16
2013,782,81.9,20,85.5,18
2014,787,59.3,10,62.6666666666667,9
2013,787,80.5454545454545,22,80.5454545454545,22
2016,788,67.5454545454545,11,67.5454545454545,11
2015,788,73.7857142857143,14,79,13
2014,788,73.7058823529412,17,77.9375,16
2013,788,75.5454545454545,11,79.7,10
2015,789,68.5,2,68.5,2
2013,789,82.5454545454545,11,82.5454545454545,11
2016,791,53,7,53,7
2014,791,41,2,41,2
2013,791,59.8181818181818,11,62,10
2016,794,105.1,20,105.1,20
2015,794,98.9545454545455,22,98.9545454545455,22
2014,794,95.8823529411765,17,95.8823529411765,17
2013,794,97.7727272727273,22,97.7727272727273,22
2016,795,56.3333333333333,6,56.3333333333333,6
2013,795,73.2222222222222,9,76.625,8
2016,796,96.1052631578947,19,96.1052631578947,19
2015,796,90.2,20,92.0526315789474,19
2014,796,92.7272727272727,11,98,9
2013,796,83.6923076923077,13,88.25,12
2016,800,91,3,91,3
2015,800,64.3333333333333,12,80.875,8
2014,800,86.5,12,86.8181818181818,11
2013,800,124.444444444444,18,124.444444444444,18
2015,804,49.75,4,58,2
2014,804,56.6923076923077,13,61.6666666666667,9
2013,804,84,6,108.25,4
2015,808,80.4285714285714,7,91,6
2014,808,73.6,5,73.6,5
2013,808,80,8,80,8
2016,809,113.636363636364,22,113.636363636364,22
2015,809,112.636363636364,22,112.636363636364,22
2014,809,93,17,94.375,16
2013,809,108.681818181818,22,108.681818181818,22
2016,813,92.5454545454545,22,92.5454545454545,22
2015,813,71.5,20,71.5,20
2013,813,53.1538461538462,13,54.75,12
2016,814,84.4090909090909,22,84.4090909090909,22
2015,814,90.5714285714286,21,90.5714285714286,21
2014,814,89.8571428571429,21,89.8571428571429,21
2013,814,102.809523809524,21,102.809523809524,21
2016,816,75.0526315789474,19,79.1666666666667,18
2015,816,76.5714285714286,21,76.5714285714286,21
2014,816,87.8095238095238,21,87.8095238095238,21
2013,816,102.894736842105,19,102.894736842105,19
2016,820,80.2380952380952,21,80.2380952380952,21
2015,820,80.3809523809524,21,80.3809523809524,21
2014,820,76.2,15,76.2,15
2013,820,65.2,5,73.25,4
2016,822,115.318181818182,22,115.318181818182,22
2015,822,115.772727272727,22,115.772727272727,22
2014,822,119.65,20,126.055555555556,18
2013,822,110.238095238095,21,110.238095238095,21
2016,825,86.4285714285714,7,86.4285714285714,7
2015,825,43.5,4,57,2
2013,825,74.8,10,78.2222222222222,9
2016,83,100.136363636364,22,100.136363636364,22
2015,83,86.5454545454545,22,88.1904761904762,21
2014,83,97.7272727272727,22,97.7272727272727,22
2013,83,86.95,20,86.95,20
2016,830,84.8125,16,87.0666666666667,15
2015,830,91.1428571428571,21,91.1428571428571,21
2014,830,71.8888888888889,18,71.8888888888889,18
2013,830,42.2,5,54,4
2016,836,65.15,20,65.15,20
2015,836,55.5384615384615,13,58.8333333333333,12
2014,836,75.2631578947368,19,75.2631578947368,19
2013,836,72.9444444444444,18,72.5294117647059,17
2016,839,85,2,85,2
2015,839,115.375,16,115.375,16
2014,839,121,19,125.111111111111,18
2013,839,119.142857142857,7,119.142857142857,7
2016,841,58.5,2,58.5,2
2015,841,47.1111111111111,9,50.5,8
2014,841,64.0526315789474,19,66.8888888888889,18
2016,843,74.1904761904762,21,74.1904761904762,21
2015,843,77.7,20,83.1666666666667,18
2014,843,77.3333333333333,21,77.3333333333333,21
2013,843,81.6666666666667,21,83.55,20
2016,847,84.9545454545455,22,84.9545454545455,22
2015,847,85.6666666666667,21,85.6666666666667,21
2014,847,88.6363636363636,22,88.6363636363636,22
2013,847,83.0454545454545,22,83.0454545454545,22
2016,848,90.0476190476191,21,90.0476190476191,21
2015,848,82.1904761904762,21,82.1904761904762,21
2014,848,84.0909090909091,22,86.1428571428571,21
2013,848,79.3636363636364,22,82,21
2016,850,76.9047619047619,21,76.9047619047619,21
2014,850,51.5,4,56.3333333333333,3
2013,850,51.2,5,63,3
2016,855,63.7692307692308,13,66.3636363636364,11
2015,855,66.9230769230769,13,66.9230769230769,13
2014,855,81.7368421052632,19,81.7368421052632,19
2013,855,103.142857142857,14,103.142857142857,14
2016,861,72.7368421052632,19,75.8888888888889,18
2015,861,71.4166666666667,12,82.3,10
2014,861,72.2727272727273,11,78.5,10
2013,861,67.2307692307692,13,67.2307692307692,13
2016,863,80,4,80,4
2015,863,59.6470588235294,17,79.9090909090909,11
2014,863,80.3076923076923,13,95.4444444444444,9
2013,863,80.9545454545455,22,80.9545454545455,22
2016,864,50,4,50,4
2015,864,51.2727272727273,11,51.2727272727273,11
2014,864,52.3636363636364,22,52.3636363636364,22
2013,864,62.4,5,62.4,5
2016,869,59.8235294117647,17,59.8235294117647,17
2015,869,66.7272727272727,22,66.7272727272727,22
2014,869,50.6666666666667,9,59,7
2013,869,78.3,20,80.3157894736842,19
2016,87,67.5263157894737,19,67.5263157894737,19
2015,87,82,14,82,14
2014,87,71.4166666666667,12,84.625,8
2013,87,83.2666666666667,15,83.2666666666667,15
2016,875,116.590909090909,22,117.285714285714,21
2015,875,117.227272727273,22,117.227272727273,22
2014,875,107.5,16,107.5,16
2013,875,96.2380952380952,21,96.2380952380952,21
2016,876,87.1333333333333,15,89.0714285714286,14
2015,876,106.5,22,106.5,22
2014,876,98.9473684210526,19,103.277777777778,18
2013,876,88.2,20,88.2,20
2016,879,85.4444444444444,9,85.4444444444444,9
2015,879,81.8,15,81.8,15
2014,879,65,8,65,8
2013,879,88.6428571428571,14,94.2307692307692,13
2016,881,94.8095238095238,21,95.4,20
2015,881,95.3333333333333,21,95.3333333333333,21
2014,881,90.2777777777778,18,92.2352941176471,17
2013,881,82.25,16,82.25,16
2016,883,77.4117647058823,17,77.4117647058823,17
2015,883,70.2272727272727,22,70.2272727272727,22
2014,883,67.8571428571429,7,74,6
2013,883,61.3571428571429,14,64.9230769230769,13
2015,884,102,19,102,19
2014,884,90.55,20,90.55,20
2013,884,67,16,74.7857142857143,14
2016,885,78.3333333333333,21,78.3333333333333,21
2015,885,57.0625,16,61.1428571428571,14
2014,885,71.5625,16,74.8666666666667,15
2013,885,55,5,60,4
2016,888,61.125,8,61.125,8
2015,888,49.3333333333333,9,49.3333333333333,9
2014,888,57.2,10,57.2,10
2013,888,55.8421052631579,19,55.8421052631579,19
2014,890,62.5,18,62.5,18
2013,890,71.4285714285714,7,71.4285714285714,7
2016,894,58.25,4,72.6666666666667,3
2014,894,47.3333333333333,3,62.5,2
2013,894,60.4,10,64.3333333333333,9
2016,897,93.8571428571429,21,93.8571428571429,21
2015,897,87.3333333333333,21,87.3333333333333,21
2014,897,65.25,8,85.8,5
2013,897,90.2941176470588,17,90.2941176470588,17
2016,903,61,6,61,6
2015,903,84,9,84,9
2014,903,47.5,2,47.5,2
2013,903,66.6666666666667,9,72.5714285714286,7
2016,906,79.8636363636364,22,79.8636363636364,22
2015,906,85.3,20,85.3,20
2014,906,76.4,15,76.4,15
2013,906,75.4285714285714,21,78.5263157894737,19
2016,908,49.25,8,49.25,8
2015,908,69.7058823529412,17,76.4,15
2014,908,70.75,8,73.7142857142857,7
2013,908,37.1666666666667,6,51.75,4
2016,909,102.6,15,106.142857142857,14
2015,909,107.35,20,107.35,20
2014,909,90.7,20,94.4736842105263,19
2013,909,95.5454545454545,11,99.7,10
2016,913,78,4,83.6666666666667,3
2015,913,86.9411764705882,17,90.3125,16
2014,913,57,9,74.6,5
2013,913,82.9473684210526,19,90.7647058823529,17
2016,915,89.8636363636364,22,89.8636363636364,22
2015,915,111.5,20,111.5,20
2014,915,81.9545454545455,22,81.9545454545455,22
2013,915,70.1,20,71.8421052631579,19
2016,919,69.4,15,69.4,15
2015,919,104.882352941176,17,104.882352941176,17
2014,919,115.785714285714,14,115.785714285714,14
2013,919,107.863636363636,22,107.863636363636,22
2016,922,92.8571428571429,21,92.8571428571429,21
2015,922,82.7619047619048,21,82.7619047619048,21
2014,922,77.6666666666667,3,86,2
2013,922,82.0625,16,82.0625,16
2016,923,94.6666666666667,21,98.25,20
2015,923,99.1428571428571,21,99.1428571428571,21
2014,923,92,12,92,12
2013,923,87.0526315789474,19,93.1764705882353,17
2016,924,122.705882352941,17,135.133333333333,15
2015,924,109.8125,16,120.714285714286,14
2014,924,144.333333333333,18,144.333333333333,18
2013,924,110.095238095238,21,110.095238095238,21
2016,925,81.5238095238095,21,81.5238095238095,21
2015,925,73.6875,16,76.5333333333333,15
2014,925,66.2666666666667,15,68.7142857142857,14
2013,925,75.5454545454545,22,75.5454545454545,22
2016,928,86.1904761904762,21,86.1904761904762,21
2015,928,76.4,20,80.5,18
2014,928,74.9285714285714,14,79.6923076923077,13
2013,928,74.4666666666667,15,88.5454545454545,11
2016,929,35.25,4,35.25,4
2015,929,63.3846153846154,13,63.3846153846154,13
2014,929,66.2,15,66.2,15
2013,929,65.75,4,78.6666666666667,3
2016,931,80.875,16,84.4666666666667,15
2015,931,104.111111111111,18,108.647058823529,17
2014,931,95.1111111111111,18,95.1111111111111,18
2013,931,65.4285714285714,14,71.8333333333333,12
2016,932,117.818181818182,22,117.818181818182,22
2015,932,108,22,109.190476190476,21
2014,932,108.25,20,109.631578947368,19
2013,932,99.2142857142857,14,108.166666666667,12
2016,934,112.6,20,112.6,20
2015,934,108.5,16,107.8,15
2014,934,115.789473684211,19,115.789473684211,19
2013,934,103.727272727273,22,103.727272727273,22
2016,939,118.809523809524,21,118.809523809524,21
2015,939,109.4375,16,116.071428571429,14
2014,939,125.318181818182,22,125.318181818182,22
2013,939,110.666666666667,21,110.666666666667,21
2016,944,68,19,68,19
2015,944,69.125,8,71.1666666666667,6
2014,944,75.1578947368421,19,75.1578947368421,19
2013,944,55.0555555555556,18,55.7058823529412,17
2016,949,65.6,15,65.6,15
2015,949,64.2272727272727,22,69.8421052631579,19
2014,949,68.1,20,72.6111111111111,18
2013,949,77.4736842105263,19,85.4666666666667,15
2016,95,47,2,47,2
2015,95,58.1666666666667,12,60.4545454545455,11
2014,95,59.1176470588235,17,59.1176470588235,17
2013,95,62.75,20,62.75,20
2016,953,84.4285714285714,21,84.4285714285714,21
2015,953,61.5333333333333,15,61.5333333333333,15
2014,953,68.1764705882353,17,71,16
2013,953,60.3333333333333,15,61.8571428571429,14
2016,957,58.8823529411765,17,60.375,16
2015,957,74.2142857142857,14,78.5384615384615,13
2014,957,73,12,78.3636363636364,11
2013,957,77.7,20,83.7222222222222,18
2016,958,87.8636363636364,22,87.8636363636364,22
2015,958,78.6,20,82.1578947368421,19
2014,958,78.1666666666667,6,78.1666666666667,6
2013,958,90.3888888888889,18,93.2941176470588,17
2016,959,87.5454545454545,22,87.5454545454545,22
2015,959,74.1,20,76.5263157894737,19
2014,959,76.2727272727273,22,76.2727272727273,22
2013,959,76,18,77.8823529411765,17
2016,962,69.125,8,69.125,8
2015,962,81.9523809523809,21,81.9523809523809,21
2014,962,69.6666666666667,12,69.6666666666667,12
2013,962,53.25,16,60.1538461538462,13
2015,963,69.3571428571429,14,72.3846153846154,13
2014,963,79.0952380952381,21,84.5263157894737,19
2013,963,64.1052631578947,19,73.8666666666667,15
2016,965,97.6666666666667,21,97.6666666666667,21
2015,965,77.75,16,77.75,16
2014,965,97.3636363636364,22,97.3636363636364,22
2013,965,84.5238095238095,21,89.8888888888889,18
2016,966,105.636363636364,22,105.636363636364,22
2015,966,99.2380952380952,21,104,20
2014,966,91.9411764705882,17,97.4,15
2013,966,106.333333333333,18,106.333333333333,18
2016,968,78.0526315789474,19,80.2941176470588,17
2015,968,59.5,4,59.5,4
2014,968,75.25,8,75.25,8
2013,968,56.6,5,73,3
2016,969,107.461538461538,13,110.666666666667,12
2015,969,95.7727272727273,22,99.0952380952381,21
2014,969,118.117647058824,17,118.117647058824,17
2013,969,114.666666666667,21,114.666666666667,21
2016,972,85.3636363636364,22,85.3636363636364,22
2015,972,72.0588235294118,17,77,15
2014,972,79.9090909090909,22,83.8,20
2013,972,93.7727272727273,22,93.7727272727273,22
2016,973,53.4444444444444,9,53.4444444444444,9
2015,973,61.75,8,61.75,8
2014,973,58.3076923076923,13,65.3636363636364,11
2013,973,39,2,35,1
2015,974,38.3333333333333,3,38.3333333333333,3
2014,974,59.9090909090909,22,59.9090909090909,22
2013,974,76.5,18,76.5,18
2016,977,72,3,72,3
2015,977,40.6,5,40.6,5
2014,977,57.3333333333333,3,57.3333333333333,3
2013,977,46.625,8,55,6
2015,979,76.0588235294118,17,76.0588235294118,17
2014,979,79,19,81.0555555555556,18
2013,979,85.4761904761905,21,85.4761904761905,21
2016,981,55.85,20,58.8421052631579,19
2015,981,66.5625,16,66.5625,16
2014,981,71.4736842105263,19,71.4736842105263,19
2013,981,60,10,63.6666666666667,9
2016,982,77.2727272727273,11,89.7777777777778,9
2015,982,91.1818181818182,22,91.1818181818182,22
2014,982,93.875,8,93.875,8
2013,982,100.666666666667,18,102.941176470588,17
2015,983,71.3636363636364,11,71.3636363636364,11
2014,983,74.1818181818182,11,74.1818181818182,11
2013,983,54.4285714285714,7,62.4,5
2016,985,74.7142857142857,7,74.7142857142857,7
2015,985,34.5,2,55,1
2015,987,74.1764705882353,17,76.625,16
2014,987,68.4090909090909,22,68.4090909090909,22
2013,987,72.9375,16,77.2142857142857,14
2016,989,89.2380952380952,21,92.6315789473684,19
2015,989,101.333333333333,21,101.333333333333,21
2014,989,100.545454545455,22,100.545454545455,22
2013,989,102.35,20,104.105263157895,19
2016,992,72.5,8,72.5,8
2015,992,78.5,2,125,1
2014,992,55,8,61.1428571428571,7
2013,992,51.6666666666667,6,78.6666666666667,3
2016,993,87.6190476190476,21,87.6190476190476,21
2014,993,61.7142857142857,7,64.4,5
2013,993,56.6666666666667,3,56.6666666666667,3
2016,996,99.1363636363636,22,103.190476190476,21
2015,996,91.9090909090909,11,94.7,10
2014,996,103.272727272727,22,103.272727272727,22
2013,996,87.5454545454545,22,93.5,20
2016,997,78.6190476190476,21,78.6190476190476,21
2015,997,86.8888888888889,18,90.5625,16
2014,997,70.35,20,72.9473684210526,19
2013,997,66.7777777777778,18,71.5,16
2015,999,53.6666666666667,3,53.6666666666667,3
2014,999,48.6,5,64.6666666666667,3
2013,999,68.9090909090909,11,73.8,10